turn	comment_timestamp	comment_id	reply_to	username	comment_text	negative	neutral	positive	compound	fear	joy	anger	sadness	love	surprise
1	1662545274.889934	UgxRqHRnwAelIPmIW454AaABAg	na	Kosmic	"Be sure to follow the Twitch stream so you can participate next time!
http://www.twitch.tv/kosmic"	0.0	0.834	0.166	0.3802	0.0006110440008342266	0.9969204664230347	0.0010109911672770977	0.000612446223385632	0.0005889174644835293	0.0002562185109127313
2	1662545274.968195	UgxYMZCFRGykyzF1GJt4AaABAg	na	Brendan Rizzo	Once humans tie the TAS all the way through, this will become a legit category.	0.0	1.0	0.0	0.0	0.04108056798577309	0.8597100377082825	0.08644036203622818	0.00863378494977951	0.0023000056389719248	0.0018352839397266507
3	1662545274.973882	Ugx6FF3iZjsf2I9fba94AaABAg	na	Tyler gaming	!cc	0.0	1.0	0.0	0.0	0.1346588432788849	0.1879064291715622	0.6165849566459656	0.04158730059862137	0.008059537038207054	0.011202950961887836
4	1662545274.976901	UgwpV54NKStSfz4C8DV4AaABAg	na	Cabarkin	Who knew that in order to beat the world record, all Mario had to do was to turn Irish	0.0	1.0	0.0	0.0	0.016456715762615204	0.7326521277427673	0.218092143535614	0.026315325871109962	0.003598099807277322	0.002885592868551612
5	1662545274.980428	UgzGwtc35zsJu9YmOFV4AaABAg	na	Matheus Cabral	watch out with that description, you might get sued	0.0	1.0	0.0	0.0	0.02259005606174469	0.003230932168662548	0.9668650031089783	0.006145462393760681	0.0005110368365421891	0.0006575477309525013
6	1662545274.983063	UgzMp-F9XRzAO19M3I14AaABAg	na	Ryet9	ü§£	0.0	0.556	0.444	0.4939	0.20170214772224426	0.18483927845954895	0.4054216146469116	0.17957453429698944	0.014068053103983402	0.014394465833902359
7	1662545274.987733	UgznIlEE37xTnzLvj9d4AaABAg	na	Falkite	that was easy! all mario had to do was break the sound barrier	0.096	0.701	0.203	0.4003	0.15600191056728363	0.2722741365432739	0.34201934933662415	0.2211710512638092	0.0028815146069973707	0.005652023479342461
8	1662545275.234295	9fKRB1bGumM9fKRKgv7134	UgxRqHRnwAelIPmIW454AaABAg	‚öíÔ∏è SpareEnderboy ‚öíÔ∏è	what a time to be alive	0.0	0.658	0.342	0.3818	0.0034151985310018063	0.9803613424301147	0.00656567607074976	0.0054265474900603294	0.0017925718566402793	0.0024387117009609938
9	1662545275.242576	9fKRB1bGumM9fKUPjdobqc	UgxRqHRnwAelIPmIW454AaABAg	Nada ‚Ä¢ 10.9B de vistas . hace 2 segundos	how i make speedrun on android?	0.0	1.0	0.0	0.0	0.27577072381973267	0.20936092734336853	0.4900687634944916	0.012657009065151215	0.0034268409945070744	0.008715840987861156
10	1662545275.251224	9fKRB1bGumM9fL7Hua4NNL	UgxRqHRnwAelIPmIW454AaABAg	OG EZ PB	wait a minute... the SMB1 star doesn't give Mario extra speed!	0.0	1.0	0.0	0.0	0.08716005086898804	0.6385249495506287	0.2447483241558075	0.02121032401919365	0.0023427195847034454	0.006013688165694475
11	1662545275.257175	9fKRB1bGumM9fLEs-Le90R	UgxRqHRnwAelIPmIW454AaABAg	Kosmic	¬†@OG EZ PB¬† yeah that started in nsmb ds i think	0.0	0.624	0.376	0.6633	0.017065878957509995	0.7247446775436401	0.227118119597435	0.024716263636946678	0.0035887998528778553	0.0027662075590342283
12	1662545275.262004	9fKRB1bGumM9fLJtSRT1ZA	UgxRqHRnwAelIPmIW454AaABAg	Kosmic	¬†@LanDi3000¬† Twitch chat is a lot better... Among other things. I'll probably try out a YouTube stream here or there though now that they changed exclusivity agreements	0.0	0.833	0.167	0.6124	0.008689436130225658	0.906304657459259	0.06093404069542885	0.020807772874832153	0.0022404559422284365	0.0010236852103844285
13	1662545275.654505	Ugxt173GTEqbhUKPw6t4AaABAg	na	James Williams	Call guiness	0.0	1.0	0.0	0.0	0.22591938078403473	0.1448289304971695	0.5985111594200134	0.018859446048736572	0.0067244297824800014	0.005156694445759058
14	1662545275.657536	UgyY2z6w4qMyjD0L2UJ4AaABAg	na	Tech Marauder	Disliked for misleading clickbait title	0.643	0.357	0.0	-0.6597	0.0018565596546977758	0.0004716640105471015	0.9940524697303772	0.0031397552229464054	0.0003141878987662494	0.00016542617231607437
15	1662545275.660671	Ugyn2xTns3h-YiHkbI14AaABAg	na	SonicMaster 519	Misleading title, but overall a fun, silly video.	0.149	0.402	0.45	0.5789	0.012996970675885677	0.11156979203224182	0.8633081316947937	0.00794964749366045	0.0014084021095186472	0.0027670853305608034
16	1662545275.664607	Ugyjs1oCm78XzTTYKHh4AaABAg	na	DarkKen87	Lul	0.0	1.0	0.0	0.0	0.5041854977607727	0.07754358649253845	0.369411826133728	0.03415314108133316	0.0061226412653923035	0.008583258837461472
17	1662545275.667694	Ugy6DT9mTmTUZnTduRl4AaABAg	na	Hamlowe	Hey, I see myself in the chat!	0.0	1.0	0.0	0.0	0.0064410315826535225	0.028827745467424393	0.9604901671409607	0.002481803996488452	0.0009914713446050882	0.0007676749373786151
18	1662545275.670356	UgwZOo9rBb0OhEI4mLx4AaABAg	na	Sir Randolph	Now time to try for a 4:33 for real XD	0.0	0.665	0.335	0.6739	0.01627933233976364	0.9258944392204285	0.04077596217393875	0.012381886132061481	0.0027952028904110193	0.001873141503892839
19	1662545275.672937	UgwBSvdI405Q4HDvBy54AaABAg	na	Timothy R	Love your content but I've gotta be honest this is some nasty clickbait dude	0.214	0.479	0.307	0.2846	0.0006264095427468419	0.0016038933536037803	0.9955686926841736	0.0014698373852297664	0.0004871280398219824	0.0002440019161440432
20	1662545275.67541	UgwN6ibtRlWm-Q5qvEN4AaABAg	na	Underrated1	Clickbaited	0.0	1.0	0.0	0.0	0.37893906235694885	0.15251480042934418	0.43467262387275696	0.020757488906383514	0.0041320426389575005	0.008983918465673923
21	1662545275.681076	Ugyx1nolMDg59qvNjqh4AaABAg	na	Curtis Dyer	Billy Mitchell % - more stars than appear on one of his ties lol	0.0	0.823	0.177	0.4215	0.007135776802897453	0.8822591304779053	0.09275060147047043	0.009845718741416931	0.0059312451630830765	0.002077486366033554
22	1662545275.686978	Ugx1GhKTbRnzrIy3OKN4AaABAg	na	Khan	that water section :D	0.0	0.427	0.573	0.6166	0.04471341893076897	0.048581313341856	0.8768897652626038	0.02266956865787506	0.004254940897226334	0.0028909870889037848
23	1662545275.691322	UgzqxJo3ZFBQ2IilkaB4AaABAg	na	DJTimo14	GG kosmic	0.0	0.254	0.746	0.4466	0.24516069889068604	0.2186375856399536	0.47132477164268494	0.04801430180668831	0.010206826031208038	0.006655878387391567
24	1662545275.696249	UgyBrq7VDdzrigIKD-94AaABAg	na	John Smith	Water section was perfection.	0.0	0.448	0.552	0.5719	0.00040775074739940464	0.9950008988380432	0.0015902298036962748	0.0014105882728472352	0.0008918240782804787	0.0006986868684180081
25	1662545275.703908	UgxQ7YGKn07ZVdH2Mv14AaABAg	na	Samuel North	Please make this a legit new category Mario on Drugs any%	0.0	0.813	0.187	0.3182	0.0072035719640553	0.8933250308036804	0.07114958018064499	0.02380165085196495	0.003212178125977516	0.001308026839978993
26	1662545275.710669	UgwYRNf2N2orOzVTjgZ4AaABAg	na	Ebbene S√¨	I don't think this run is legit. I mean, there is see no pizza and no coke, so it must be fake	0.283	0.717	0.0	-0.7579	0.0006410259520635009	0.000631132919806987	0.0008056008955463767	0.9976074695587158	0.00014047094737179577	0.00017433342873118818
27	1662545275.715155	UgxtZQyU_gFdzqhD7yV4AaABAg	na	synday	the man who didnt need to wait for a bus	0.0	1.0	0.0	0.0	0.07898172736167908	0.004877404309809208	0.8945401310920715	0.020265014842152596	0.0005541978753171861	0.0007815837161615491
28	1662545275.719131	UgyTNXjGH0uoUQG-ojd4AaABAg	na	Austin Earle	The power of Luigi	0.0	1.0	0.0	0.0	0.03679951652884483	0.14278051257133484	0.798788845539093	0.013926872052252293	0.003039400326088071	0.004664835520088673
29	1662545275.723514	UgylFMc7g_sQbREM3Hx4AaABAg	na	keiharris332	Acceptable click bait	0.0	0.465	0.535	0.3182	0.0023222211748361588	0.9897794127464294	0.004278860986232758	0.0017697749426588416	0.0013339852448552847	0.0005159006104804575
30	1662545275.726305	UgxX_S95-4M1V-uda9J4AaABAg	na	Axel	I feel baited, I thought he got the final frame.	0.0	1.0	0.0	0.0	0.3961099088191986	0.005666344426572323	0.5919895768165588	0.0016595766646787524	0.002635906683281064	0.0019386779749765992
31	1662545275.733318	Ugx7P-Mku_nmkU4oMGN4AaABAg	na	Enigma	Hey Kosmic, I want to see the entire run of this video and I don't use Twitch. Please upload it on to your other channel, if possible!	0.079	0.876	0.046	-0.2392	0.019536824896931648	0.8714898228645325	0.09639621526002884	0.008658522740006447	0.002387329936027527	0.0015313101466745138
32	1662545275.737643	UgyGyj6_G_KxJQSeZHl4AaABAg	na	Mr. Top Hat Jones	"That was fucking amazing, dude‚Ä¶

I never thought of using ‚ÄòCrowd Control‚Äô to assist in ‚Äúbeating‚Äù a world record.

Great video!"	0.0	0.691	0.309	0.8585	0.0014454914489760995	0.9629908800125122	0.001906778197735548	0.0020977151580154896	0.0010039370972663164	0.030555130913853645
33	1662545276.059585	9fX64JdFfwD9fXCeo830th	UgyY2z6w4qMyjD0L2UJ4AaABAg	Kosmic	ü§™	0.0	1.0	0.0	0.0	0.20170214772224426	0.18483927845954895	0.4054216146469116	0.17957453429698944	0.014068053103983402	0.014394465833902359
34	1662545276.473826	Ugy13U0miKHgrzgQMOF4AaABAg	na	HeyItsHunter	The Summoning Salt video is about to go wild	0.0	1.0	0.0	0.0	0.18574519455432892	0.2253081500530243	0.5641916394233704	0.011855664663016796	0.006322337780147791	0.00657705357298255
35	1662545276.47657	UgxAJStfetFwrP6_fnR4AaABAg	na	Jeff Brister	No pizza and coke? üòÇ	0.295	0.432	0.273	0.1779	0.013765878044068813	0.01005130261182785	0.9581137895584106	0.016152681782841682	0.0010862748604267836	0.0008300881600007415
36	1662545276.479411	UgxyJZLY8o9oVPTdK-x4AaABAg	na	Vegan Slayer Gaming	Billy Mitchell style!	0.0	1.0	0.0	0.0	0.03661002591252327	0.3466644585132599	0.5736007690429688	0.02274906076490879	0.00896724034100771	0.011408484540879726
37	1662545276.48274	UgwTVXUQL5PJPsgBfqJ4AaABAg	na	Laz	Mario looks a little green at the end. ü§¢	0.0	1.0	0.0	0.0	0.018100135028362274	0.9426911473274231	0.02304224856197834	0.011755186133086681	0.0019074883311986923	0.0025038679596036673
38	1662545276.485336	UgzrYMLTRmIfth4KHQ54AaABAg	na	Ev'ni	He just flies through the water with invincibility :0 I am thinking of I should try speed running super Mario brothers also.	0.0	0.843	0.157	0.5994	0.0007802139734849334	0.9970182180404663	0.0008465001010335982	0.0005541977006942034	0.0003151183482259512	0.0004859163600485772
39	1662545276.487727	Ugza421QN3GNp50BRvh4AaABAg	na	Scrap Father Scrap Son	Going into 8-4 with 666,000 lol	0.0	0.641	0.359	0.4215	0.041824471205472946	0.5406818985939026	0.35302409529685974	0.0541933998465538	0.006156012415885925	0.00412012031301856
40	1662545276.490204	Ugzh2PEKYVbHiehS0UJ4AaABAg	na	periwinkle	Literally the best water section I've ever seen in my life	0.0	0.704	0.296	0.6369	0.0002733353467192501	0.995895266532898	0.0010435214499011636	0.0011513683712109923	0.001170612871646881	0.00046601431677117944
41	1662545276.492497	UgwbphMCu420Eai35FN4AaABAg	na	GGVision	Starman in the water = fucking motorboat. Loved it	0.0	0.657	0.343	0.6344	0.0006126216612756252	0.002533572493121028	0.0027675065211951733	0.0030014554504305124	0.9903218150138855	0.0007631314219906926
42	1662545276.494672	Ugxzqd7W3j-rCp_1fdx4AaABAg	na	Chris Campbell	Real record (real)	0.0	1.0	0.0	0.0	0.03319687396287918	0.8298526406288147	0.11163626611232758	0.0187070369720459	0.0030863843858242035	0.0035208293702453375
43	1662545276.497068	UgzV8oFNDCZoR60mObR4AaABAg	na	Md5	Bruh I saw 4:33 on the thumbnail lmao	0.0	0.642	0.358	0.5994	0.6483789086341858	0.11964831501245499	0.15386225283145905	0.04691426828503609	0.002013174816966057	0.02918311581015587
44	1662545276.499337	UgyRchFZGWwxzbUYBZl4AaABAg	na	Pikasome 25	"I don‚Äôt know about anyone else




This is totally legit"	0.0	1.0	0.0	0.0	0.0011824091197922826	0.9905796647071838	0.005286795552819967	0.001501041348092258	0.0009982227347791195	0.0004518584755714983
45	1662545276.501554	UgxAdveHkdcr8clyqm94AaABAg	na	Valeck Seimu	Best click bait title Ever... Reespeckt	0.0	0.543	0.457	0.6369	0.009215430356562138	0.8884785175323486	0.08930907398462296	0.008458062075078487	0.0027100290171802044	0.0018289375584572554
46	1662545276.50378	Ugwc0ns6VTV-Qe6OGax4AaABAg	na	ValeryVal	Speedrunner complains about being too fast üòÖ	0.198	0.611	0.191	-0.0258	0.0783541277050972	0.114168182015419	0.7504502534866333	0.05171234533190727	0.00247391895391047	0.002841140143573284
47	1662545276.50611	UgyCsPLVSjuS-7ipBJZ4AaABAg	na	The Sheq	Do people still try to go for a faster time on super mario?	0.0	0.755	0.245	0.5994	0.007794592529535294	0.9555696845054626	0.02716119959950447	0.005002249963581562	0.0010627316078171134	0.0034095109440386295
48	1662545276.50849	UgxlW9r2J3RjG8RdQoN4AaABAg	na	Retro 31	Wow!	0.0	0.0	1.0	0.6239	0.026374461129307747	0.30911049246788025	0.012035638093948364	0.007151497527956963	0.00283901859074831	0.642488956451416
49	1662545276.514073	UgyCJ_w5FebqXX2prSx4AaABAg	na	Oakshield	Only things missing are coke and pizza	0.268	0.732	0.0	-0.296	0.001420829794369638	0.001497599296271801	0.0009413676452822983	0.9955524802207947	0.00024597730953246355	0.00034165504621341825
50	1662545276.519059	Ugzhc5XFc-ZJJb9BP2p4AaABAg	na	SomeGuy712x	"(0:41) ""It's a 300-person co-op run."" So... Twitch Plays Pok√©mon Super Mario Bros.?
(1:30) ""Don't wanna die in 8-3 again."" (1:32) Welp.
(6:55) Wow, you nailed that pipe exit from the underwater section so smoothly!
Congratulations on your Chat% World Record!"	0.0	0.672	0.328	0.9559	0.0007164987619034946	0.9956223368644714	0.0014928188174962997	0.0007326671038754284	0.00048334343591704965	0.0009523425833322108
51	1662545276.522514	UgxpPJTaPH7MOe6KfoV4AaABAg	na	LinkSaya	The title was clickbait, but I don't complain.	0.0	0.724	0.276	0.395	0.0012567979283630848	0.0033033413346856833	0.9871125817298889	0.007704535964876413	0.0003370402555447072	0.0002857514191418886
52	1662545276.525954	Ugwfr_GvjHDpzCiG9WJ4AaABAg	na	sirus x	I was there!	0.0	1.0	0.0	0.0	0.07881804555654526	0.26832929253578186	0.617407500743866	0.02670220099389553	0.003244433319196105	0.005498588550835848
53	1662545276.529779	UgwTYMQ2-PE1HQSjxjV4AaABAg	na	Neil T	"Now to shoot for the ‚úåÔ∏èlegit‚úåÔ∏è all-time high score on Donkey Kong.
üòè"	0.13	0.87	0.0	-0.34	0.005551735870540142	0.9573768973350525	0.025408998131752014	0.007205349858850241	0.001975215971469879	0.00248168408870697
54	1662545276.904655	UgyWUFaKNbLESxTK59B4AaABAg	na	AndersonNeo12	"""it's too fast"" ü§≠
Well.. now that's definitely something u won't hear that often from one of the fastest SMB players in the world."	0.0	0.758	0.242	0.7906	0.0011322482023388147	0.9940280914306641	0.0026153407525271177	0.0010611857287585735	0.0005333397421054542	0.0006297578220255673
55	1662545276.912059	UgwenpKO-ICOttlEa7d4AaABAg	na	Mallrat82	All joking aside, this could potentially become a new category: SMB Crowd Control any%	0.0	0.872	0.128	0.2263	0.012335476465523243	0.4658586382865906	0.5082135796546936	0.008980880491435528	0.002090757479891181	0.00252068811096251
56	1662545276.915175	UgwfnubkVEIZFgXnfyZ4AaABAg	na	Candy Cadet	Cheats	1.0	0.0	0.0	-0.4215	0.0014808448031544685	0.0010711337672546506	0.9909251928329468	0.005816186312586069	0.0004236121603753418	0.00028307794127613306
57	1662545276.918815	UgzreEvnekytgJrZO7V4AaABAg	na	SecondPlace92	How to clickbait 101	0.0	1.0	0.0	0.0	0.07646837830543518	0.3975898325443268	0.4971139430999756	0.018138952553272247	0.003760078689083457	0.006928848568350077
58	1662545276.922081	UgzT1kqt2gVqJrfHnI14AaABAg	na	MazokuRanma	It's funny watching how his muscle memory keeps screwing him over because of the star speed.	0.101	0.745	0.154	0.25	0.0212161373347044	0.012279664166271687	0.7578709721565247	0.0051894234493374825	0.008712656795978546	0.19473108649253845
59	1662545276.924635	UgxvK2S80oFG_wgTyst4AaABAg	na	tech6hutch	Todd Togers %	0.0	1.0	0.0	0.0	0.06684523075819016	0.10266592353582382	0.7913002371788025	0.02786840684711933	0.007252661976963282	0.004067538771778345
60	1662545276.928712	Ugy2gNlzqLrJ0buITMt4AaABAg	na	Jake Clawson	Good work everyone, love these crowd control vids üë®‚Äçüë©‚Äçüë¶‚Äçüë¶ üåü	0.0	0.628	0.372	0.7964	0.004727369640022516	0.9003525376319885	0.07409761101007462	0.015582800842821598	0.004364862106740475	0.0008748617838136852
61	1662545276.93444	Ugx1uU2eb7-UZj1ZfEN4AaABAg	na	FrankMills	very fun	0.0	0.218	0.782	0.5563	0.00032679643481969833	0.9965646862983704	0.001310432329773903	0.0005455421633087099	0.000625903659965843	0.0006265980191528797
62	1662545276.938585	Ugy_ickP5gqAd0CaoW54AaABAg	na	J M	Chat is the ultimate rng weapon, change my mind	0.216	0.784	0.0	-0.296	0.005623892415314913	0.9353625178337097	0.05025242641568184	0.005757915321737528	0.001995410304516554	0.001007754122838378
63	1662545276.941592	UgxvBEei98MpDRGIUAp4AaABAg	na	Hatlord	billy mitchell got 4:32 back in the 80s, todd rogers is the only witness they had the VHS but it was lost in a fire	0.208	0.792	0.0	-0.7227	0.5966598987579346	0.03342816233634949	0.02823990397155285	0.32159894704818726	0.0025236415676772594	0.017549460753798485
64	1662545276.946179	UgxtPIaKVx5n1pvG2ud4AaABAg	na	Med Animations	"I just thought he was at any% again when I saw the Thumbnail.



I hope he will
I also loved the Video and there should be a new branch
crowdcontrol%"	0.0	0.805	0.195	0.7783	0.0003612746368162334	0.004326432477682829	0.0006343827699311078	0.0031063274946063757	0.9908664226531982	0.0007050368585623801
65	1662545276.949027	UgypCBmBkFEQcYDLyuR4AaABAg	na	Yosher	One of the few times I was glad to be clickbaited, and it technically wasn‚Äôt even a clickbait! You‚Äôve done it again, Kosmic!	0.0	0.86	0.14	0.555	0.0015222791116684675	0.9797494411468506	0.014784431084990501	0.0016639918321743608	0.0007808214868418872	0.001499017234891653
66	1662545276.951599	UgzA9mIbbCPyvffGzZx4AaABAg	na	Chiwahd_ Me_	this is just clickbait	0.0	1.0	0.0	0.0	0.02071819268167019	0.00900351908057928	0.9660030007362366	0.0024937111884355545	0.0005867735017091036	0.001194845768623054
67	1662545276.954192	UgyO3NrJBqs6CMZ5b-F4AaABAg	na	Rui Pedro Leite	"This shows how important muscle memory is to speed runners, even a pro like Kosmic deeply struggles with any changes in speed! 
Fun video!"	0.09	0.646	0.264	0.6587	0.0012511834502220154	0.9849432706832886	0.009497986175119877	0.002438498428091407	0.0006368025206029415	0.0012322650291025639
68	1662545276.956666	UgyVZuWSlEh9pWqXZdh4AaABAg	na	Johnknight1	"Kosmic this can't be a world record. You didn't even eat a pizza!

(Also you should submit this as SMB1 Any % - Billy Mitchell category)"	0.0	1.0	0.0	0.0	0.030283376574516296	0.014012590050697327	0.9326362609863281	0.02102096937596798	0.0012511922977864742	0.0007956195622682571
69	1662545276.959477	UgyGOw5qpL5hGoOo6Yt4AaABAg	na	Ïù¥Ìò∏ÏÑù	1:33 lol	0.0	0.263	0.737	0.4215	0.7583042979240417	0.07999324053525925	0.1152382642030716	0.03425746038556099	0.004712555557489395	0.0074941543862223625
70	1662545276.967681	UgwwTeZVRrh5np4i3Yt4AaABAg	na	Benobot99	Awesome	0.0	0.0	1.0	0.6249	0.0006718169897794724	0.9954481720924377	0.001181382336653769	0.0007534325122833252	0.00047562687541358173	0.0014697205042466521
71	1662545276.971078	UgyiJw7eihpALs1MXmF4AaABAg	na	Ïù¥Ìò∏ÏÑù	Awesome!!! You are a master mario player Kosmic man! Love your videos as always. Keep it up man!	0.0	0.628	0.372	0.8877	0.0002530618221499026	0.9979467988014221	0.00044490338768810034	0.00037795494426973164	0.00033607787918299437	0.0006412289803847671
72	1662545276.974159	UgzPLxN_zoIl60tbey14AaABAg	na	TheAzorg	"""i don't wanna die on 8-3 again"" 
Dies

This was the best comedy moment ever :D"	0.0	0.464	0.536	0.931	0.00045303982915356755	0.985140323638916	0.0025780810974538326	0.008594824001193047	0.001963783986866474	0.0012698178179562092
73	1662545276.978433	UgzYUPCigdK26OEs49t4AaABAg	na	Specialist	Nice crowd control WRüëå	0.0	0.251	0.749	0.8374	0.00209457753226161	0.855341374874115	0.025828689336776733	0.005558471195399761	0.10879027098417282	0.0023867215495556593
74	1662545277.184796	9fMGMSKyJLs9fMQ7Vs_-Ui	UgzA9mIbbCPyvffGzZx4AaABAg	Kosmic	and then you find out it's actually way more original and interesting than you initially thought :)	0.0	0.621	0.379	0.8204	0.00037586051621474326	0.9972525238990784	0.0006565556395798922	0.0006448925123549998	0.0004115273186471313	0.0006584590882994235
75	1662545277.613316	UgyIUNOkZ-VkSFGN-954AaABAg	na	uppr	baiter headline :(	0.592	0.408	0.0	-0.4404	0.05662805214524269	0.21324028074741364	0.6686384677886963	0.042224109172821045	0.010837382636964321	0.008431767113506794
76	1662545277.617865	Ugz7txVP87qT7HEJc2B4AaABAg	na	dj enby	Gaming!!	0.0	1.0	0.0	0.0	0.021841851994395256	0.8591666221618652	0.09765899181365967	0.010545879602432251	0.004328153096139431	0.006458576302975416
77	1662545277.622223	Ugx_ft8Ni04u1pnwWrd4AaABAg	na	Karim Maassen	Congrats man! Well deserved. No one can beat this ever again!	0.135	0.491	0.374	0.5972	0.0005637909634970129	0.9590476751327515	0.011409192346036434	0.011861216276884079	0.016315147280693054	0.0008029505261220038
78	1662545277.626456	UgzXd98hyGDPOqg3yP94AaABAg	na	VeloxPlayer098 Yeeeah!	DKC 2 music fits every type of video	0.0	1.0	0.0	0.0	0.06085922569036484	0.7807375192642212	0.10914448648691177	0.03860025852918625	0.004888365976512432	0.005770131945610046
79	1662545277.631478	UgyhCSTkWFuuLVnXRyB4AaABAg	na	Zwayno	What a nice speedrun badabun	0.0	0.588	0.412	0.4215	0.013548840768635273	0.7049397230148315	0.25607097148895264	0.011667551472783089	0.007159767206758261	0.006613188423216343
80	1662545277.635173	Ugyg4cH7kgJQDqqMEBp4AaABAg	na	TURBOKAN‚Ñ¢	7:03 Luigi?!	0.0	1.0	0.0	0.0	0.302153080701828	0.2919672429561615	0.36062702536582947	0.030614176765084267	0.00475302804261446	0.009885396808385849
81	1662545277.637732	UgzF46AUo8G77Z1RJ2t4AaABAg	na	robby chu	7:03 Thank you Mario but it's me Luigi.	0.0	0.8	0.2	0.1901	0.00030607043299824	0.9918739199638367	0.0016017782036215067	0.0019979015924036503	0.003974868915975094	0.0002453462511766702
82	1662545277.640574	Ugygb3AkSrRPbX7r4Od4AaABAg	na	ramiel555	Human element %	0.0	1.0	0.0	0.0	0.1682547777891159	0.3363465368747711	0.4276115596294403	0.052860792726278305	0.007835338823497295	0.007090934086591005
83	1662545277.648239	UgwfEf6EvIfgUO4VIO54AaABAg	na	Aura Fox	I can't believe they didn't accept this run...	0.238	0.762	0.0	-0.2924	0.001354109263047576	0.9907220602035522	0.0010262542637065053	0.00369183998554945	0.002186437603086233	0.0010194954229518771
84	1662545277.652502	UgzxLD4ULqGKn3RFQ094AaABAg	na	sunnyhvar1992	Pasando Super Mario en 4 minutos y 33 segundos	0.0	0.672	0.328	0.5994	0.007504704874008894	0.9653754830360413	0.01573280058801174	0.006499644834548235	0.0030891054775565863	0.0017981556011363864
85	1662545277.656361	Ugw_iyXPnszm1gBqOuF4AaABAg	na	Mr. EQ	Yo, that pipe entry in 8-4 was something else. I was already pretty hyped, but that sent me over the edge.	0.0	0.905	0.095	0.2732	0.02634020708501339	0.9216710925102234	0.022881701588630676	0.006495526060461998	0.002436541486531496	0.02017500065267086
86	1662545277.661984	UgwfpgULinX3XMm-jIl4AaABAg	na	Rafa≈Ç Chmura	wow, those  new strats were insane. Can't believe you managed to beat the 'unbeatable' TAS. This proves that SMB speedruns still has a long way to go! Congratulations Kosmic!	0.073	0.703	0.224	0.7639	0.0006051890668459237	0.9920510649681091	0.0013160770758986473	0.0010147311259061098	0.000647533917799592	0.004365494474768639
87	1662545277.671905	UgzehXDKRqlTrQGI_xp4AaABAg	na	WeirdTyrant	Who knew the key to a faster time was constant invincibility.	0.0	1.0	0.0	0.0	0.0009572447743266821	0.9913268685340881	0.00487707182765007	0.0014708664966747165	0.0007887932006269693	0.0005792317679151893
88	1662545277.676051	UgxNlFc_ISXlPbFy5Nt4AaABAg	na	Tovvvija	!cc	0.0	1.0	0.0	0.0	0.1346588432788849	0.1879064291715622	0.6165849566459656	0.04158730059862137	0.008059537038207054	0.011202950961887836
89	1662545277.67941	UgzMR_a7A9VZVBZraqZ4AaABAg	na	Chad Z	"Really is a testament to how optimized the WR is, that ""Run faster with star"" is kinda the only thing you can do to beat it."	0.0	0.893	0.107	0.4588	0.0008006985299289227	0.9943822622299194	0.002381657250225544	0.0012690535513684154	0.000515059451572597	0.0006511035608127713
90	1662545277.682745	Ugyy34YCrM5dmo02P0d4AaABAg	na	Chris Brannigan	That 8-4 water room üëå	0.0	0.395	0.605	0.7297	0.12269792705774307	0.09267470240592957	0.7402015328407288	0.03419477492570877	0.0045805214904248714	0.005650495644658804
91	1662545277.68673	UgwV8uugwctWBOPlsB54AaABAg	na	Gamer Boy	0:44 YOO im in the chat	0.0	1.0	0.0	0.0	0.12347467243671417	0.050103213638067245	0.8141168355941772	0.008485189639031887	0.0019466285593807697	0.0018734518671408296
92	1662545277.690022	UgwAZtAsnc2fWJKHN814AaABAg	na	Gamer Boy	"SPOILER:




4:33"	0.0	1.0	0.0	0.0	0.21686160564422607	0.27909886837005615	0.44587451219558716	0.03274203836917877	0.011247296817600727	0.014175716787576675
93	1662545277.69794	UgyFObm3s4pfNpv7dsR4AaABAg	na	C. Cody Flick	8-4 pipe enters were so satisfying	0.0	0.564	0.436	0.5949	0.00031940574990585446	0.9976443648338318	0.0006270337617024779	0.0005405915435403585	0.0004664838779717684	0.00040206252015195787
94	1662545277.70346	UgzA71D1uuU9zbERn9B4AaABAg	na	P00rStr94	I guess we need a Mod% now and the  WR is held by everyone helping achieve it xD	0.0	0.727	0.273	0.7184	0.00025100092170760036	0.9975134134292603	0.0005871649482287467	0.0006380018894560635	0.0008350555435754359	0.00017535056394990534
95	1662545277.905827	9fLnPBljsTX9fMFAZILhfS	UgyIUNOkZ-VkSFGN-954AaABAg	Julien Bronsch	I mean, he specificly said WE	0.0	1.0	0.0	0.0	0.014115159399807453	0.18388164043426514	0.7841777205467224	0.011750333942472935	0.003175615333020687	0.0028995268512517214
96	1662545278.310444	UgwQagQdAM2dkjpTAJ54AaABAg	na	TS_Mind_Swept	"""I don't wanna die in 8-3 again ((dies immediately))"" shutnup, Kosmic LUL"	0.0	0.778	0.222	0.4847	0.009326081722974777	0.03926411271095276	0.7776281237602234	0.16723445057868958	0.00555822066962719	0.0009889784269034863
97	1662545278.316018	UgxQEJcwUGH9WFDADt54AaABAg	na	Reifin D. Fanchon	I call this run invalid, there is no coke or pizza in sight.	0.155	0.845	0.0	-0.296	0.030581360682845116	0.007715058047324419	0.0547141432762146	0.9050354361534119	0.0005749395349994302	0.0013790886150673032
98	1662545278.319871	UgyyHargwVQ3d5R2tt94AaABAg	na	Procrastination	At first I thought Niftski posted this and he had gotten lightning in a run. Then I realized it was Kosmic, and I was like oh shit I didn't even think he was running any% anymore, let alone breaking the record! And then I saw what the video actually was lol but it was still very entertaining	0.059	0.812	0.129	0.6632	0.00026945341960527003	0.9976237416267395	0.0005982406437397003	0.0004657501121982932	0.00033884847653098404	0.0007040988421067595
99	1662545278.323428	UgzR7M7voR-XnJKIAWt4AaABAg	na	Bheco	this wouldn't work in 90% of chats, it goes to show how good this community is	0.0	0.838	0.162	0.4404	0.0001551980822114274	0.9984713196754456	0.00030912100919522345	0.00046101855696178973	0.0003791500930674374	0.00022425188217312098
100	1662545278.326792	UgxrtNYsrYWHOKMY48x4AaABAg	na	Eric Zorzit	I personally watched Billy Mitchell beat this game faster in ‚Äò98. Nice try though. SIGH Can‚Äôt trust anyone these days smh	0.084	0.624	0.291	0.6841	0.0035574843641370535	0.9852655529975891	0.005498160608112812	0.0017522521084174514	0.0032624024897813797	0.0006640341598540545
101	1662545278.33103	UgzeMxoS2xpikW1tRJd4AaABAg	na	Finley	THAT'S RIGHT, WE'RE GONNA CHEAT	0.429	0.571	0.0	-0.4588	0.0010222039418295026	0.001383615774102509	0.9875764846801758	0.009254305623471737	0.0005348100094124675	0.00022851496760267764
102	1662545278.334897	UgxtmMiTlzdPf6zTozV4AaABAg	na	Kenneth Merrow	"""Wait, all I had to do was create a cheat% category?""
Todd Rogers, probably"	0.175	0.702	0.123	-0.2263	0.14925159513950348	0.024056559428572655	0.8022584319114685	0.02099180594086647	0.0011597955599427223	0.002281840657815337
103	1662545278.338291	Ugzj4-ghWFFN1rKwBO54AaABAg	na	David Wonn	"This reminds me of one of my old Game Genie finds, NNPPPO, which would grant invincibility for much of the level, and then it would restart the invincibility timer upon going down any pipe or up any vine. Oddly the music would remain normal unless an actual Starman was collected within a level (which would also wear out the invincibility sooner.)

But the more I think about it, the code also granted a decent amount of time to complete levels, so waiting for the timer to go down at a flagpole would negate its use for speedrun purposes (unless perhaps someone modifies the code just enough or added another code to alter the timer.)"	0.0	0.963	0.037	0.5023	0.0071656834334135056	0.9801495671272278	0.004201819654554129	0.004220329225063324	0.0005976595566608012	0.003664982970803976
104	1662545278.343183	UgyrQbt2eaYhTMWKSNR4AaABAg	na	sdev	professional World record holder gameplay right there	0.0	1.0	0.0	0.0	0.059542857110500336	0.8406157493591309	0.08590194582939148	0.007665778044611216	0.002530165482312441	0.0037435591220855713
105	1662545278.348241	Ugz0RVsWz25O720SdEZ4AaABAg	na	Bulasturu Bula	"Since we love stupid funny challenges, I have one suggestion : the longest possible SMB1 run!
Optimising screen transitions, deaths, power ups and damage,... :D"	0.165	0.45	0.385	0.8327	0.007617616094648838	0.9652832746505737	0.01999646984040737	0.003928244113922119	0.0010042751673609018	0.0021702877711504698
106	1662545278.353536	Ugx4PG0tgLpEtMp5r3x4AaABAg	na	Zigazgman1	Mom, get the camera out!!!	0.0	1.0	0.0	0.0	0.16066935658454895	0.08608843386173248	0.7261328101158142	0.020863110199570656	0.002384759485721588	0.0038616403471678495
107	1662545278.367925	UgxFUTYmxW0m2sQPXcV4AaABAg	na	Dillon	You where mario the sub mariner üòÖüòÜüòÅ	0.0	0.652	0.348	0.7906	0.1712665557861328	0.2841314971446991	0.5045391321182251	0.026670174673199654	0.005485167261213064	0.007907514460384846
108	1662545278.374265	Ugw5DSZQoZYC2HXiIed4AaABAg	na	Jason Koch	Is that‚Ä¶is that SummoningSalt‚Äôs music I hear?	0.0	1.0	0.0	0.0	0.14250969886779785	0.13949640095233917	0.6814637184143066	0.0229218490421772	0.006037494167685509	0.007570846937596798
109	1662545278.37743	Ugx-9GV87kAgCaaajLh4AaABAg	na	Soft Fishi trashi	I realy thought this video is by bismuth the whole time but now i realized it's not	0.0	1.0	0.0	0.0	0.01297577191144228	0.9503545761108398	0.0240330807864666	0.007730063982307911	0.0010323564056307077	0.0038740718737244606
110	1662545278.381226	UgwAgTWJebeUVVa0XPJ4AaABAg	na	FastIdiotBoss	Almost as fast as Michael Phelps in the water there	0.0	1.0	0.0	0.0	0.0882766842842102	0.7735785841941833	0.10844362527132034	0.009474764578044415	0.0034849464427679777	0.016741475090384483
111	1662545278.384515	UgwI3tay441jNg8-rdd4AaABAg	na	Soft Fishi trashi	Clever!The thumbnail looks like a second was beaten in any% or something but the name is too long to see it in the notificatons so you get clicks.Smartüòâ	0.069	0.877	0.055	-0.1134	0.007243053987622261	0.662590503692627	0.07612741738557816	0.24794705212116241	0.0024673668667674065	0.0036245950032025576
112	1662545278.388456	UgypAxRL9lKGH6kNdJR4AaABAg	na	James Aitchison	This was such a cool and fun video, i smiled the entire time watching it üòä	0.0	0.498	0.502	0.9337	0.00012374887592159212	0.9988628625869751	0.000181410854565911	0.00019835433340631425	0.0003938412992283702	0.00023970338224899024
113	1662545278.391676	UgwQ5pqOniUyPR4j-9V4AaABAg	na	DireYoshi	Too fast, too furious, too Mario.	0.425	0.575	0.0	-0.5719	0.0017704807687550783	0.0007051974534988403	0.9964663982391357	0.0004900154890492558	0.000294902449240908	0.00027303112437948585
114	1662545278.401401	UgwHLkOLnLnpD1vE-114AaABAg	na	Yanik Leduc	dont clickbait me like that	0.345	0.655	0.0	-0.2755	0.003184867324307561	0.002128972439095378	0.9923259019851685	0.0016250490443781018	0.0004001054330728948	0.00033513488597236574
115	1662545278.404212	Ugzy3inUU2x6VZFqpHh4AaABAg	na	Bradwurst	I can hear the summoning salt intro music now...	0.0	1.0	0.0	0.0	0.03689740225672722	0.8349613547325134	0.1045808345079422	0.01811673864722252	0.0027301975060254335	0.0027136714197695255
116	1662545278.79273	UgwTaktZtvhrn8Arm6t4AaABAg	na	Nugboy 420	That was good we saved a lot of time time	0.0	0.584	0.416	0.6908	0.0005259219324216247	0.9922714233398438	0.002529158955439925	0.0030538118444383144	0.001189089729450643	0.00043065237696282566
117	1662545278.799238	UgwOKCtpWxfHPuV9ZMJ4AaABAg	na	graduator14	"Congratulations on the ""World Record"" ! :D"	0.0	0.378	0.622	0.8491	0.0012439022539183497	0.9882138967514038	0.005371480714529753	0.0013717325637117028	0.0020455510821193457	0.0017534502549096942
118	1662545278.803746	UgzYctHxPot-6xcpKMN4AaABAg	na	Prizm95	What a historic achievement! Congratulations dude on the EPIC world record! Can't wait bismuth, and Karl jobst, and abysoft to make their 47 minute analysis videos on this amazing speedrun,!	0.0	0.751	0.249	0.8827	0.0033002181444317102	0.7167266011238098	0.002859597560018301	0.003439128864556551	0.002547631971538067	0.27112674713134766
119	1662545278.807419	Ugy-C6GVifG3VSPz4S94AaABAg	na	divVerent	The run was 4:33 - you should have uploaded without the music ;)	0.122	0.878	0.0	-0.1695	0.11913609504699707	0.06687221676111221	0.21406564116477966	0.5950101613998413	0.0022146988194435835	0.0027011591009795666
120	1662545278.810889	UgziV6r8sg4PbD-lIbF4AaABAg	na	PizzaJohnnyGuy	Sonic 1 > Super Mario Bros.	0.0	0.562	0.438	0.5994	0.011147545650601387	0.9509515762329102	0.026546204462647438	0.007189260330051184	0.00176208873745054	0.002403390360996127
121	1662545278.81389	UgzV0P0c_XxBF2qxmvV4AaABAg	na	Novaking	Now you guys are probably gonna get sued and win by default.	0.0	0.743	0.257	0.5859	0.015242543071508408	0.008686218410730362	0.9517159461975098	0.022783702239394188	0.0007650800980627537	0.0008063745917752385
122	1662545278.816642	UgznSxinV1mgqIeUvSN4AaABAg	na	Number One Mr. Squeaks Fan	"""we saved time in the cutscene"""	0.0	0.641	0.359	0.4215	0.002170640742406249	0.9800874590873718	0.010008285753428936	0.004719158168882132	0.001560491044074297	0.0014540125848725438
123	1662545278.819308	UgzkoCaqoA1TGgiS26Z4AaABAg	na	Otaku Bullfrog	This run will one day be featured in an hour-long Summoning Salt documentary on the history of Star Mario Any Percent.	0.0	1.0	0.0	0.0	0.007129326928406954	0.9643477201461792	0.0205527376383543	0.004174667876213789	0.0015340398531407118	0.002261610934510827
124	1662545278.821691	Ugw8Vn8b6YTk1x2t4hN4AaABAg	na	AsteroidPig	"yo he got the literal ""any%"" run as in he can beat it in any fucking way üíÄ"	0.0	1.0	0.0	0.0	0.0015935306437313557	0.0036317480262368917	0.9912062287330627	0.0024036583490669727	0.000674668699502945	0.0004901342908851802
125	1662545278.824137	UgyaDlssA5lga7lAqbF4AaABAg	na	Dino Cuber	Crowd control is the coolest way to play Mario! Lol	0.0	0.593	0.407	0.6696	0.00024073578242678195	0.9983223080635071	0.00045919642434455454	0.00037981796776875854	0.00033887079916894436	0.0002592062228359282
126	1662545278.826806	UgyGNMP1Z-ys53LoPnx4AaABAg	na	Witch Squad	Billy Mitchell burn üî•	0.444	0.556	0.0	-0.34	0.22458696365356445	0.13394083082675934	0.4606759548187256	0.16085600852966309	0.011920563876628876	0.008019637316465378
127	1662545278.829117	UgyG6KIV-tr0aNychOV4AaABAg	na	CholsreaMMOS	"Solution for fastest
Everyone save up
Everyone do +1 world at the start"	0.0	0.667	0.333	0.6705	0.00445387652143836	0.9715691804885864	0.01666395179927349	0.004439763259142637	0.0014046288561075926	0.0014686149079352617
128	1662545278.831313	Ugxw7QcFxA8J5fiuSsh4AaABAg	na	Sineamor	Shaving 7% off of the world record in a game this old, absolutely amazing accomplishment, chat really had your back there in the water section, unreal!	0.0	0.851	0.149	0.6581	0.008057484403252602	0.8724644780158997	0.0047343033365905285	0.00621423963457346	0.0009351714397780597	0.10759422928094864
129	1662545278.8342	UgwCEdeaoQfNuje1Xwl4AaABAg	na	Matt Gio	Next time try it while eating pizza	0.0	1.0	0.0	0.0	0.1347876489162445	0.19598504900932312	0.6436498165130615	0.019481677561998367	0.002990980865433812	0.0031048678793013096
130	1662545278.836615	UgwUubbG8ocpFn3xrMl4AaABAg	na	it's hel	4:33 not even the tas could achieve that! Kosmic is a witch! Burn him at the stake!	0.174	0.826	0.0	-0.5229	0.012955237179994583	0.0033263235818594694	0.980012834072113	0.002731510205194354	0.0005112883518449962	0.0004627078596968204
131	1662545278.83884	UgzWhU5r-YuJ908OCNd4AaABAg	na	Diney	Passing Super Mario Bros in 5 minutes	0.0	0.606	0.394	0.5994	0.05695590004324913	0.8327122926712036	0.08043351024389267	0.011436829343438148	0.0032418922055512667	0.015219633467495441
132	1662545278.842097	Ugw_wZ5PENa5Cqiv6gJ4AaABAg	na	Big chungus 	Dream would be proud	0.0	0.282	0.718	0.6249	0.00020739140745718032	0.9978575110435486	0.00047782613546587527	0.0005647430662065744	0.0006284714327193797	0.0002641323080752045
133	1662545278.844481	UgxBQX6xfZqkXeQxAnF4AaABAg	na	Patrick Davis	With the mistakes in 1-1, 8-2, and 8-3 cleaned up as well as a cleaner 8-4, 4:1x seems doable and maybe even 4:0x if everything is perfect	0.076	0.697	0.227	0.6124	0.00016832620895002037	0.9986103773117065	0.00025881215697154403	0.0004485095851123333	0.00028991224826313555	0.00022398259898182005
134	1662545278.84702	UgyjLXR29jan-u19o3F4AaABAg	na	Dennis Amelunxen	You should submit this run under a new Billy% category..	0.0	1.0	0.0	0.0	0.04799754545092583	0.6613130569458008	0.248109370470047	0.035408761352300644	0.005007199943065643	0.0021640616469085217
135	1662545278.85021	Ugy1POGmJ134Y5Fh_gx4AaABAg	na	srwapo	Nice! Surprised you were able to beat the old time by so much.	0.0	0.688	0.312	0.6114	0.004584609065204859	0.011126605793833733	0.0017869435250759125	0.0016456946032121778	0.0008361376821994781	0.9800200462341309
136	1662545279.133818	9fKuNO8GOx29fOmf460rtk	UgzYctHxPot-6xcpKMN4AaABAg	Hiro Hamada	It‚Äôs all fake	0.608	0.392	0.0	-0.4767	0.0010721253929659724	0.0010452521964907646	0.002670461079105735	0.994707465171814	0.00023122213315218687	0.0002733868604991585
137	1662545279.141382	9fKuNO8GOx29fOvkiHoea8	UgzYctHxPot-6xcpKMN4AaABAg	Prizm95	¬†@Hiro Hamada¬† trollolol	0.0	1.0	0.0	0.0	0.08924618363380432	0.5203211307525635	0.3403538465499878	0.034590110182762146	0.009062414988875389	0.006426320876926184
138	1662545279.148795	9fKuNO8GOx29fOwPJIO2VW	UgzYctHxPot-6xcpKMN4AaABAg	Hiro Hamada	¬†@Prizm95¬† I‚Äôm not joking kid and it‚Äôs not a laughing matter. That video is a hoax and a fake.	0.43	0.57	0.0	-0.8209	0.021553121507167816	0.17064422369003296	0.792539656162262	0.0067229256965219975	0.0015382444253191352	0.007001892663538456
139	1662545279.155006	9fKuNO8GOx29fPqEedB-xO	UgzYctHxPot-6xcpKMN4AaABAg	QTPiOfficial	Can't wait for summoning salt to analyze the history made in this WR! Lol	0.0	0.808	0.192	0.4753	0.05541299283504486	0.3523103892803192	0.5394861102104187	0.044569067656993866	0.003123959992080927	0.005097453948110342
140	1662545279.159524	9fKuNO8GOx29fRI5_0qCEA	UgzYctHxPot-6xcpKMN4AaABAg	Hiro Hamada	¬†@QTPiOfficial¬† that video is a hoax, lies, and fake kid	0.533	0.467	0.0	-0.7906	0.7602062225341797	0.011317001655697823	0.19668318331241608	0.026135940104722977	0.0011212892131879926	0.004536377266049385
141	1662545279.372452	9fKt_TXynsu9fKtapKmBYa	UgziV6r8sg4PbD-lIbF4AaABAg	PizzaJohnnyGuy	I only speak the truth	0.0	0.635	0.365	0.3182	0.013188078068196774	0.22679969668388367	0.7065646648406982	0.04554855823516846	0.0055619808845222	0.0023370240814983845
142	1662545279.381708	9fKt_TXynsu9fKtc1eodxb	UgziV6r8sg4PbD-lIbF4AaABAg	PizzaJohnnyGuy	follow me on truth fr:goodvibes::goodvibes::goodvibes:	0.0	0.635	0.365	0.3182	0.0003438329149503261	0.9960243701934814	0.0013527913251891732	0.0009499331936240196	0.0010483541991561651	0.0002808554272633046
143	1662545279.580334	9fKmMHuMmxU9fKuFUrlp2q	UgyG6KIV-tr0aNychOV4AaABAg	divVerent	"I'd assume that using +1 world should not be allowed there :)

But given all was really used is stars... I wonder if ""perma star"" (i.e. the game as is with a minor ROM patch to always have a star) would be a valid game to speedrun - like, certainly sounds like a good challenge."	0.0	0.744	0.256	0.9423	0.0003413046069908887	0.9980334639549255	0.0005397684872150421	0.0004986584535799921	0.0003057388530578464	0.0002809904399327934
144	1662545280.002242	UgycOiGuoIgd9vCpCxd4AaABAg	na	Willie333b	ÔºÅ	0.0	1.0	0.0	0.0	0.05134616419672966	0.04027542099356651	0.8895972967147827	0.013389651663601398	0.002188544487580657	0.0032030281145125628
145	1662545280.005704	UgzxnmDWqW8goHrVwCJ4AaABAg	na	Tritoner	you had me there for a second haha!	0.0	0.68	0.32	0.5093	0.004029879812151194	0.019986193627119064	0.9687570929527283	0.004485424142330885	0.0020796782337129116	0.0006617525941692293
146	1662545280.008905	UgzxrRp5-jFo1_yBmkN4AaABAg	na	AntimonySM51	6:54, nice water exit	0.0	0.517	0.483	0.4215	0.0011733664432540536	0.8437063694000244	0.0031875644344836473	0.0025275584775954485	0.14739158749580383	0.002013532677665353
147	1662545280.011752	UgygazjcclTbjm-veUp4AaABAg	na	coreysteady	"love your enthusiasm about getting through the water so fast.

been subscribed since mario 35             

also love the  ""billy mitchell style""   lmfao
legend"	0.0	0.562	0.438	0.9413	0.0004604388086590916	0.9736337065696716	0.002809637924656272	0.0014233188703656197	0.02124086208641529	0.0004320915904827416
148	1662545280.01459	Ugx1rbAUJoFn0yuYHbB4AaABAg	na	W L	NIFTSKI BTF‚Ä¶‚Ä¶. Oh. Nvm. Lol	0.0	0.588	0.412	0.4215	0.19035737216472626	0.2134363055229187	0.5364978313446045	0.043935492634773254	0.006970828399062157	0.0088021419942379
149	1662545280.017181	Ugwb4-MmoTRs2CpPf1d4AaABAg	na	Matthew Kidder	They said it was impossible, but I bet even a sub 4:20 is possible with this new tech	0.0	1.0	0.0	0.0	0.0015228047268465161	0.9865164756774902	0.007528939750045538	0.0029850646387785673	0.0006874531973153353	0.0007591674220748246
150	1662545280.019626	UgxSDvnmnPD3UQGzxcF4AaABAg	na	op broken	Kosmic you have always been one of my favorite youtubers respond to this if you see it	0.0	0.842	0.158	0.4588	0.0007315257098525763	0.6471012234687805	0.0011780543718487024	0.0024576501455157995	0.3463697135448456	0.0021617929451167583
151	1662545280.021828	UgxOKXDsaPVVebrke_14AaABAg	na	Teraunce Foaloke	Heh nice	0.364	0.0	0.636	0.296	0.008269015699625015	0.0710020512342453	0.8871250152587891	0.011851315386593342	0.01890440657734871	0.0028482815250754356
152	1662545280.024508	UgxFtRuFL4mDmSxYCPN4AaABAg	na	Local Man	Billy Mitchell would be proud.	0.0	0.563	0.437	0.4767	0.0001564586564199999	0.9982976317405701	0.0002788692945614457	0.00041922167292796075	0.0006235672044567764	0.00022421948960982263
153	1662545280.027017	UgyQ2kD_5CQGH7Arbb14AaABAg	na	Mothuzad	GG! I can't believe no one thought of this strat sooner	0.0	0.821	0.179	0.2914	0.2696583867073059	0.6545988917350769	0.039962321519851685	0.014136234298348427	0.0021819844841957092	0.019462214782834053
154	1662545280.029294	Ugx4U8NNe5NeKXjSHiZ4AaABAg	na	Wes Townsend	Maybe the real time save was the friends we made along the way	0.0	0.636	0.364	0.743	0.00948431994765997	0.7361828684806824	0.22677777707576752	0.015121436677873135	0.010835602879524231	0.0015980044845491648
155	1662545280.031469	UgyfYOwBaRaT3Uj49Xt4AaABAg	na	monkeyman2020	Great video! What if you do this again, but with no warps?	0.198	0.639	0.163	-0.1386	0.0003093846025876701	0.9971959590911865	0.000620808161329478	0.0006709221052005887	0.0003345436998642981	0.0008683918276801705
156	1662545280.034274	UgxdMH8shlYklXwBOwt4AaABAg	na	Buggward's Video Game Emporium	What a cool mod haha	0.0	0.361	0.639	0.6486	0.0002611772215459496	0.9978474378585815	0.000647656328510493	0.00043343170545995235	0.0004148304578848183	0.00039540784200653434
157	1662545280.036583	Ugz5p-_0bE3SrJZd8lV4AaABAg	na	Yeasstt	Does this count as a TAS run? It is tool assisted after all	0.0	1.0	0.0	0.0	0.011659286916255951	0.9540550112724304	0.026415666565299034	0.004829419776797295	0.0013726523611694574	0.001668025040999055
158	1662545280.039006	Ugw3FkbPV3kQ_O2bqtd4AaABAg	na	The Night Jackal	I like how Kosmic was going to reset for a bad 1-1 as if this was a category he seriously wanted to optimizeüòÇ	0.184	0.57	0.246	0.5267	0.035782650113105774	0.38576847314834595	0.49130406975746155	0.08206459879875183	0.0036107059568166733	0.0014696154976263642
159	1662545280.042313	Ugzx751V8UkAv0cR1Wl4AaABAg	na	Ryan Todor	I honestly think that star Mario any% could be it‚Äôs own category	0.0	0.786	0.214	0.4588	0.0011874573538079858	0.9882148504257202	0.006829377263784409	0.002001131186261773	0.0010537037160247564	0.0007134521147236228
160	1662545280.045565	UgwXr-93BK5fSPG0TQB4AaABAg	na	Loud Goat	I suppose chat would be the human element	0.0	1.0	0.0	0.0	0.04883036017417908	0.5586339235305786	0.3639860451221466	0.019594833254814148	0.00434308173134923	0.004611816257238388
161	1662545280.047918	UgxzwUv9SjI9o8n01gh4AaABAg	na	Desertwhale	Keep an eye on your mailbox. Mitchell will be sending you a certified letter explaining why he is suing you ü§£. Also, gratz on WR.	0.061	0.758	0.181	0.6249	0.01704440638422966	0.8635613322257996	0.10531137883663177	0.00959817785769701	0.002179062692448497	0.0023057637736201286
162	1662545280.050825	UgwiHTYdCwEPj3KcW6B4AaABAg	na	Rahhelthethird	"Puts his WR on leaderboard
Conglaturation, you've completed a great game and prooven the justice of your game play. Now go, rest our hero!"""	0.0	0.592	0.408	0.9299	0.00024706541444174945	0.997245192527771	0.0007252662908285856	0.0008660527528263628	0.000549832358956337	0.00036668492248281837
163	1662545280.05323	UgykIvIqVS9sqnXiJEN4AaABAg	na	Xorel	"If ""Crowd Control"" ever becomes a speedrun category, the hosting channel should be the name that appears on the leaderboard"	0.0	1.0	0.0	0.0	0.01219810452312231	0.7834648489952087	0.18903549015522003	0.009975353255867958	0.0036907559260725975	0.0016354476101696491
164	1662545280.358883	9fKgKtROjxr9fKlNNf0P4Q	UgxSDvnmnPD3UQGzxcF4AaABAg	Kosmic	Glad you enjoy!	0.0	0.133	0.867	0.7574	0.0001112181053031236	0.9988008737564087	0.00015805305156391114	0.0002625335764605552	0.0005124827148392797	0.00015490988153032959
165	1662545280.366833	9fKgKtROjxr9fKt7f_UFjI	UgxSDvnmnPD3UQGzxcF4AaABAg	op broken	Oh my you actually replied to me	0.0	1.0	0.0	0.0	0.008120651356875896	0.04292622581124306	0.9388013482093811	0.0060529401525855064	0.0025886264629662037	0.0015101426979526877
166	1662545280.376709	9fKgKtROjxr9fKtAYOkQm5	UgxSDvnmnPD3UQGzxcF4AaABAg	op broken	I got into original Mario speed running because of yoy	0.0	0.796	0.204	0.3182	0.002296710852533579	0.9815953969955444	0.01029153447598219	0.0033738284837454557	0.0009328573942184448	0.0015098720323294401
167	1662545280.57514	9fKc8gQBlZR9fL44qYXgWI	Ugz5p-_0bE3SrJZd8lV4AaABAg	Layton Jr	If you get the input file for a TAS, you're supposed to be able to play it back on a real device (with TASbot for exemple)	0.0	0.912	0.088	0.34	0.007058826740831137	0.9755428433418274	0.010785768739879131	0.004190548323094845	0.0007462959038093686	0.0016758405836299062
168	1662545280.872322	9fK_Wnr8zVC9fLJ4x7Er74	UgykIvIqVS9sqnXiJEN4AaABAg	Anoobis	it will never be a category as there's no way to standardize or moderate changing game data and code	0.109	0.891	0.0	-0.296	0.0012731534661725163	0.9877662658691406	0.00541705172508955	0.004060759209096432	0.0007803611224517226	0.0007024452788755298
169	1662545280.882769	9fK_Wnr8zVC9fLgvG6cSUP	UgykIvIqVS9sqnXiJEN4AaABAg	TrashGang	I don't really think that'd be needed, given that it wouldn't be a serious category to begin with	0.0	0.933	0.067	0.0572	0.0026406587567180395	0.9602579474449158	0.03100752830505371	0.003635738044977188	0.0016362466849386692	0.0008218970033340156
170	1662545281.290662	UgzV4WonWzZxu_fbi254AaABAg	na	MarioStar13	"@Kosmic
I‚Äôm not going to count this for 2 reasons:
‚ë† You used stars on demand
‚ë° A few hundred Mario Seconds were removed, so even if you didn‚Äôt cheat, I don‚Äôt know what you got."	0.117	0.883	0.0	-0.5423	0.002675318391993642	0.009942748583853245	0.5627093315124512	0.42250940203666687	0.001288031693547964	0.0008752014255151153
171	1662545281.296708	UgxjPCiFRBt1_11d7El4AaABAg	na	7thdayfallout	cant wait for the karl jobst breakdown	0.0	1.0	0.0	0.0	0.08762657642364502	0.05472271516919136	0.4400109052658081	0.4125232398509979	0.0026687716599553823	0.0024477848783135414
172	1662545281.300966	UgyYQC3b2_gGg_Xl52Z4AaABAg	na	threehead99	Luigi won though...	0.0	0.351	0.649	0.5719	0.004667642060667276	0.9544681906700134	0.02651381306350231	0.009729393757879734	0.00232504028826952	0.0022960228379815817
173	1662545281.304488	UgyRGjWg-Z6Vi_gRgbd4AaABAg	na	Raynman Plays	This guy clearly will never be a top SMB runner, but he's fun to watch.	0.066	0.612	0.321	0.7188	0.00016210948524530977	0.9985276460647583	0.00039022249984554946	0.0002855409402400255	0.00038244962343014777	0.0002520070120226592
174	1662545281.307673	UgxRnRytwDLoo7P5F854AaABAg	na	Dan	The water section was warp speed lol awesome	0.0	0.465	0.535	0.7845	0.0004009478725492954	0.99696284532547	0.000597000471316278	0.0005739187472499907	0.0003366723540239036	0.0011286300141364336
175	1662545281.310543	UgwV5hLhSlL0GgBN3Vh4AaABAg	na	Daedalus Plebeian	"This makes me wonder what the time could be if you always had a star. You should do a ""Perma-Star"" run."	0.0	1.0	0.0	0.0	0.002190857892856002	0.9871445298194885	0.00581161305308342	0.0032303326297551394	0.0008954313234426081	0.0007272436050698161
176	1662545281.313284	Ugy_Hsf7ueANo_Y42Vx4AaABAg	na	halfaheartbongobongo	!cc	0.0	1.0	0.0	0.0	0.1346588432788849	0.1879064291715622	0.6165849566459656	0.04158730059862137	0.008059537038207054	0.011202950961887836
177	1662545281.315821	UgxNvvDUIbFpVJjshxl4AaABAg	na	Napkinx	clickbait huh	0.0	1.0	0.0	0.0	0.05041483789682388	0.0386890210211277	0.8985971212387085	0.007024124730378389	0.0015400373376905918	0.003734905505552888
178	1662545281.318092	UgycpqSk9aSA_5u-znF4AaABAg	na	Old Man Beardylocks	Water section in 8-4 is priceless	0.0	1.0	0.0	0.0	0.026051504537463188	0.8390855193138123	0.09767409414052963	0.02464366890490055	0.0030669267289340496	0.009478370659053326
179	1662545281.320313	UgyEmdWoETMw85i5TDR4AaABAg	na	Peelster1	"Before watching the video I really wanted to comment ""What's going on?"". We hit ""the human limit"" then that got beat and then so soon after that, you make a comeback and beat it again? Then I saw the comments and description. Of course the introduction of the video also covers it."	0.0	1.0	0.0	0.0	0.004304225090891123	0.9168211221694946	0.0687614232301712	0.006278212647885084	0.0019607937429100275	0.001874200883321464
180	1662545281.322433	Ugy84bHfwBv8Eu1zvF54AaABAg	na	Dude Maccabeus	Love that Kosmic doesn't have to use foul language to be entertaining.	0.0	0.585	0.415	0.7964	0.0028827281203120947	0.8239443302154541	0.15777738392353058	0.006905577145516872	0.0043800934217870235	0.0041098701767623425
181	1662545281.324654	Ugzjlgc19yrHE2Ldj4V4AaABAg	na	jsbmx	Nice job everyone	0.0	0.417	0.583	0.4215	0.002689110115170479	0.8447321057319641	0.12276822328567505	0.010994291864335537	0.014121663756668568	0.0046946387737989426
182	1662545281.326814	Ugz3Z4aZuVNEderm0cd4AaABAg	na	Bentheman	Someone should make a tas of this	0.0	1.0	0.0	0.0	0.013705822639167309	0.2166910469532013	0.7272828221321106	0.03659476712346077	0.004249878227710724	0.0014757368480786681
183	1662545281.329058	Ugw5QkmB6pBJ7KxaR0x4AaABAg	na	The Better Terra Blade	I was about to pop OFF until I read the comments üòÇ	0.096	0.711	0.193	0.4404	0.017316550016403198	0.044493407011032104	0.9239583015441895	0.011586016044020653	0.0014223628677427769	0.001223324448801577
184	1662545281.331211	UgxhwaysWFJ2Pqs3S114AaABAg	na	Jack ATK	Bro you‚Äôre gonna get sued by Billy Mitchell for using his patented strategy. Take this video down before his lawyer team notices!	0.0	1.0	0.0	0.0	0.009590011090040207	0.004324661567807198	0.9815634489059448	0.003469955874606967	0.0004726276092696935	0.0005793438758701086
185	1662545281.333443	UgzW279bef-mybldYJt4AaABAg	na	Agorija	Easy WR Kappa	0.0	0.408	0.592	0.4404	0.001711855293251574	0.9910091161727905	0.0031433231197297573	0.0024356001522392035	0.0008823805255815387	0.0008177789277397096
186	1662545281.335531	Ugw_jcHaG2W8YB73Kc14AaABAg	na	Bustin	theres still room for improvement for example not playing the game and watching a tas	0.09	0.739	0.171	0.3417	0.022758815437555313	0.40317296981811523	0.519684374332428	0.04940081015229225	0.002838645363226533	0.002144397469237447
187	1662545281.337871	Ugwrh-pJZOh-rO3lsDR4AaABAg	na	qar_ty	to upload it to the leaderboard will be the fun part with such small amounts of people	0.0	0.829	0.171	0.5106	0.00037326925667002797	0.9955015778541565	0.0018273885361850262	0.0008195819100365043	0.0005039246170781553	0.0009742637630552053
188	1662545281.340064	Ugzk-fIkQFFsLJw5jBp4AaABAg	na	√òrphntw1n	üòÇüëèüëèüëèüëèüëè	0.102	0.695	0.203	0.4404	0.20170214772224426	0.18483927845954895	0.4054216146469116	0.17957453429698944	0.014068053103983402	0.014394465833902359
189	1662545281.342343	UgyOAKrxWJ8UkmkdBrt4AaABAg	na	AManWithAPlanOG	gg	0.0	0.0	1.0	0.296	0.35939380526542664	0.18002870678901672	0.38156092166900635	0.060427453368902206	0.010321899317204952	0.00826716236770153
190	1662545281.70355	9fKZM2Wlkvc9fKtjqmh9d9	UgyRGjWg-Z6Vi_gRgbd4AaABAg	Louis-Philippe Maurice	Not really sure what you mean. When I watched him on speedrunslive several years ago he was pretty much the best SMB racer.	0.074	0.676	0.25	0.7368	0.0004899302730336785	0.9964955449104309	0.0008759292541071773	0.0006876136176288128	0.0004053370503243059	0.0010457229800522327
191	1662545281.710836	9fKZM2Wlkvc9fKubvnKlyE	UgyRGjWg-Z6Vi_gRgbd4AaABAg	Raynman Plays	¬†@Louis-Philippe Maurice¬† (That's the joke)	0.0	0.645	0.355	0.296	0.005972445476800203	0.013933430425822735	0.9738836288452148	0.004040851257741451	0.0010347310453653336	0.001134989783167839
192	1662545281.716533	9fKZM2Wlkvc9fL9xO9fNmn	UgyRGjWg-Z6Vi_gRgbd4AaABAg	brma3	¬†@Louis-Philippe Maurice¬† ü§ì	0.423	0.577	0.0	-0.296	0.1358257234096527	0.3631419837474823	0.43213000893592834	0.050189245492219925	0.009409068152308464	0.00930397305637598
193	1662545281.72072	9fKZM2Wlkvc9fMRxtzuNdw	UgyRGjWg-Z6Vi_gRgbd4AaABAg	Ottone III	not agree, i think he should try to run for the record or so :P	0.113	0.697	0.189	0.3448	0.00951166171580553	0.7389571070671082	0.23333637416362762	0.010327549651265144	0.006186990533024073	0.0016803329344838858
194	1662545281.724381	9fKZM2Wlkvc9fN35bDD0CC	UgyRGjWg-Z6Vi_gRgbd4AaABAg	CosmicStar	¬†@Ottone III¬† probably, but he obviously wouldn‚Äôt get in the top 10 for sure	0.0	0.7	0.3	0.631	0.0005714271683245897	0.9964105486869812	0.0011913110502064228	0.0008538602269254625	0.0006031211232766509	0.000369629095075652
195	1662545281.729484	9fKZM2Wlkvc9fPIyA74wX2	UgyRGjWg-Z6Vi_gRgbd4AaABAg	Sam Quinn	he got the record before, he just doesnt hold the current one i think	0.0	1.0	0.0	0.0	0.011879104189574718	0.8602913618087769	0.10897037386894226	0.014388864859938622	0.0023638007696717978	0.002106576459482312
196	1662545281.733242	9fKZM2Wlkvc9fPp7VFzdC6	UgyRGjWg-Z6Vi_gRgbd4AaABAg	CosmicStar	¬†@Sam Quinn¬† r/whoooosh	0.0	1.0	0.0	0.0	0.05250104144215584	0.3122791051864624	0.6021870970726013	0.019571008160710335	0.007787841837853193	0.00567400548607111
197	1662545281.992677	9fKYsbS6Mrx9fKZFQPee2v	UgwV5hLhSlL0GgBN3Vh4AaABAg	Kosmic	You could save a new framerule in 4-2, but you wouldn't be able to do bullet bill glitch, so it would actually be slower haha	0.0	0.79	0.21	0.7269	0.20859768986701965	0.181855246424675	0.5452913045883179	0.05601624399423599	0.0022051152773201466	0.006034379359334707
198	1662545282.198768	9fKYi_stzjz9fLQEPl3LOv	UgxNvvDUIbFpVJjshxl4AaABAg	mambda	It's called a joke	0.0	0.577	0.423	0.296	0.0018643522635102272	0.0031447899527847767	0.9920637011528015	0.0020624457392841578	0.0004351666721049696	0.0004294889804441482
199	1662545282.516916	9fKYWIDyhXj9fKmO4mFN_u	Ugy84bHfwBv8Eu1zvF54AaABAg	jestfullgremblim800	I mean, it isn't like foul language makes something entertaining by itself, it depends how you use that foul language, just like everything else.	0.074	0.737	0.189	0.509	0.0040618497878313065	0.3042779266834259	0.6548193097114563	0.0297930259257555	0.0030094077810645103	0.004038493614643812
200	1662545282.524275	9fKYWIDyhXj9fKwhDB6JD9	Ugy84bHfwBv8Eu1zvF54AaABAg	Dude Maccabeus	¬†@jestfullgremblim800¬† im almost immediately turned off by foul language	0.0	1.0	0.0	0.0	0.0013913002330809832	0.0003921527531929314	0.9969325065612793	0.0009560078615322709	0.00016352332022506744	0.00016442201740574092
201	1662545282.530221	9fKYWIDyhXj9fKwzS640t3	Ugy84bHfwBv8Eu1zvF54AaABAg	jestfullgremblim800	¬†@Dude Maccabeus¬† yeah, not everyone likes it.	0.245	0.525	0.231	-0.0341	0.0023620929569005966	0.11725997924804688	0.04238219931721687	0.005764841102063656	0.8285359740257263	0.0036949615459889174
202	1662545282.533205	9fKYWIDyhXj9fL8jMTkwpb	Ugy84bHfwBv8Eu1zvF54AaABAg	nonamelegend	As someone who cusses more than they probably should, I agree haha. It can be pretty obnoxious in this particular setting, and very hard to do ‚Äúright‚Äù	0.133	0.622	0.246	0.6133	0.0008096423116512597	0.00040463803452439606	0.9977666139602661	0.0005691712140105665	0.00023582235735375434	0.00021411708439700305
203	1662545282.5359	9fKYWIDyhXj9fL8omq70Kl	Ugy84bHfwBv8Eu1zvF54AaABAg	nonamelegend	¬†@jestfullgremblim800¬† <‚Äî‚Äî- what he said	0.0	1.0	0.0	0.0	0.0368686318397522	0.07212178409099579	0.8535523414611816	0.03213983774185181	0.0029563538264483213	0.002361135557293892
204	1662545282.540665	9fKYWIDyhXj9fNLcTf91Zr	Ugy84bHfwBv8Eu1zvF54AaABAg	jestfullgremblim800	¬†@nonamelegend¬† exactly, if you use foul language right, you probably can not use it and still do well	0.0	0.89	0.11	0.2732	0.0006316006183624268	0.0009915130212903023	0.9941278696060181	0.0036145495250821114	0.00036983666359446943	0.0002646707580424845
205	1662545282.939152	Ugz3Gzzq6J_ALucRio94AaABAg	na	Nob1e J0n	Take THAT, TAS! Haha, go team!	0.0	0.582	0.418	0.555	0.025087036192417145	0.3191506564617157	0.6324127316474915	0.01604463905096054	0.0038331090472638607	0.0034718422684818506
206	1662545282.945363	Ugwi5RopjrOZvKsEBTN4AaABAg	na	Lemonade	wow that was something, can't wait for that youtuber that likes to talk about SMB1 world record times improvements (his name is Komic or something) to make a video about it	0.0	0.759	0.241	0.836	0.0052641090005636215	0.9567644000053406	0.02751539833843708	0.004235073458403349	0.0018974537961184978	0.004323657136410475
207	1662545282.949776	Ugz3t9Gv1MkoUs2BElN4AaABAg	na	THE BANANA SPEED RUNS	Warpless with crowd control help would just be 8 world skips	0.0	0.787	0.213	0.4019	0.40357425808906555	0.25655582547187805	0.20760023593902588	0.11955705285072327	0.0027107666246593	0.010001842863857746
208	1662545282.953603	UgyhZjTZFkPO-XylAZF4AaABAg	na	NeviTheLettyFan	Nice AVGN reference	0.0	0.417	0.583	0.4215	0.01815950497984886	0.8504166603088379	0.09698755294084549	0.013897686265408993	0.01310712844133377	0.007431576959788799
209	1662545282.956941	UgxNn3SOzfCzaLVLd9R4AaABAg	na	j	.	0.0	1.0	0.0	0.0	0.21896380186080933	0.20269690454006195	0.4346753656864166	0.12230067700147629	0.010814082808792591	0.010549214668571949
210	1662545282.959792	UgydgWDGqd1ltEC3-s14AaABAg	na	Chris Barone	Man, watching Kosmic slide off that warp pipe because of that Jaku blessed star gave me some real Mario 35 vibes.	0.0	0.837	0.163	0.5994	0.00042155844857916236	0.7133760452270508	0.0005668006488122046	0.0012557393638417125	0.28313249349594116	0.001247504260390997
211	1662545282.962544	UgyvL1qzQ9d_UK4xqW94AaABAg	na	Planetdune	This will never fly for real using mods...	0.0	1.0	0.0	0.0	0.07439218461513519	0.2343120574951172	0.20573541522026062	0.47922009229660034	0.003860068740323186	0.0024802391417324543
212	1662545282.965019	Ugxt83Ke-z_jGRkXdON4AaABAg	na	qactustick	Can't compete? More like you don't need to compete! You can be 'retired' and have fun doing stuff like this instead!	0.087	0.674	0.239	0.6196	0.0009307805448770523	0.029651302844285965	0.004831412341445684	0.9621037840843201	0.0016001980984583497	0.0008826667326502502
213	1662545282.967771	UgzJeWQIK3DfJgfW6zt4AaABAg	na	Jeremy Landry	Congrats to everyone, including the folks tossing stars and super speed.  A winner is Ya'll.	0.0	0.519	0.481	0.9022	0.00032414012821391225	0.9957647323608398	0.0018765366403385997	0.0006091348477639258	0.0009319735690951347	0.0004934351891279221
214	1662545282.970192	Ugw7rTnUdHaUOlEhAp94AaABAg	na	ASkilled	WOOOOOOOOOO	0.0	1.0	0.0	0.0	0.1401335448026657	0.3057638704776764	0.49179941415786743	0.036191560328006744	0.01348569244146347	0.012625952251255512
215	1662545282.972483	UgyX4NBSREPtJQ0gLSR4AaABAg	na	konohasaiyajin	shmooooooooooovin	0.0	1.0	0.0	0.0	0.09888376295566559	0.38609614968299866	0.4668750762939453	0.03350537642836571	0.00770613132044673	0.006933527532964945
216	1662545282.974604	UgySZykPk_kuloKaCSN4AaABAg	na	Swift	PUSHING THE HUMAN LIMIT!	0.0	1.0	0.0	0.0	0.011290804482996464	0.004112499300390482	0.9807433485984802	0.00267200730741024	0.0006670730072073638	0.000514201179612428
217	1662545282.976744	Ugyu4xgN0YvRGA1XVFp4AaABAg	na	theultimategamer95	"""Don't wanna die in 8-3 again""

Famous last words."	0.0	0.718	0.282	0.4847	0.0006478127907030284	0.9916943907737732	0.002444015583023429	0.0026058696676045656	0.0017889394657686353	0.000818893313407898
218	1662545282.978822	Ugwfc5rDgIupJS-x4xh4AaABAg	na	Chappers2112	This is the same way Todd Rogers beat the world record, he loaded the star into 2nd gear before the game started.	0.0	1.0	0.0	0.0	0.03858695924282074	0.49491316080093384	0.4423437714576721	0.01198640838265419	0.003774606389924884	0.008395088836550713
219	1662545282.981032	UgwlgaDTZkVqHgtBVE14AaABAg	na	ademisc	Would this count as a team WR? :)	0.0	0.7	0.3	0.4588	0.37565621733665466	0.25875499844551086	0.3063826858997345	0.04361322149634361	0.008008724078536034	0.007584127131849527
220	1662545282.983086	UgwR3AyBP0H0ItbKBDN4AaABAg	na	DannyB Version1.0	I have never seen a speedrunner that happy to complete a run in my life.	0.0	0.791	0.209	0.5719	0.00015779906243551522	0.9986404776573181	0.00026670261286199093	0.00042009938624687493	0.00034793466329574585	0.0001669396151555702
221	1662545282.985284	Ugw6VuA96Znhk5HSq7h4AaABAg	na	KS	If someone could make the original Super Mario Brothers with Super Sonic Speed I wonder how fast you could finish that game.	0.0	0.653	0.347	0.8779	0.007149817422032356	0.8897520303726196	0.005872348789125681	0.0029059951193630695	0.0013595675118267536	0.09296019375324249
222	1662545282.987504	Ugwbzgci8fOWvnRb65F4AaABAg	na	Adriansdoodles	!cc	0.0	1.0	0.0	0.0	0.1346588432788849	0.1879064291715622	0.6165849566459656	0.04158730059862137	0.008059537038207054	0.011202950961887836
223	1662545282.989587	UgxBrpwIBUQNGNj1cM54AaABAg	na	Doctor Reed	the description made me laugh out loud	0.0	0.625	0.375	0.5574	0.00786362960934639	0.05494971200823784	0.9244542717933655	0.004319390282034874	0.0015863340813666582	0.006826717872172594
224	1662545282.991666	UgzwJb3CrNokQcXp8-N4AaABAg	na	Rainbow Dash	Badabun% üëÄ	0.0	1.0	0.0	0.0	0.06389224529266357	0.3567642271518707	0.4262210726737976	0.1348000019788742	0.01157996617257595	0.006742456462234259
225	1662545283.208949	9fKWXRJSbw69fKYjDkYrd7	Ugz3t9Gv1MkoUs2BElN4AaABAg	Kosmic	I genuinely don't know if 7 world skips in a row would be faster than warping there in 2 minutes. It would be close... But slightly slower I think?	0.0	1.0	0.0	0.0	0.06747914105653763	0.8767501711845398	0.032648686319589615	0.009974829852581024	0.0014847874408587813	0.011662312783300877
226	1662545283.530997	9fKU7fAShcU9fKegImdIWR	Ugyu4xgN0YvRGA1XVFp4AaABAg	Silverlined_69	That part was hilarious	0.0	0.526	0.474	0.4019	0.007333130110055208	0.274090439081192	0.6804659962654114	0.016293302178382874	0.002940431470051408	0.018876662477850914
227	1662545283.540653	9fKU7fAShcU9fM16UeyMTb	Ugyu4xgN0YvRGA1XVFp4AaABAg	Ïù¥Ìò∏ÏÑù	¬†@Silverlined_69¬† yeah!	0.0	0.286	0.714	0.3595	0.015406164340674877	0.8881925940513611	0.0745588019490242	0.012352529913187027	0.0049099670723080635	0.004579922650009394
228	1662545283.945775	9fKU6f-FVJg9fK_K4CTvAg	Ugwfc5rDgIupJS-x4xh4AaABAg	threehead99	*Rodd Togers	0.0	1.0	0.0	0.0	0.04050246626138687	0.08594835549592972	0.8402156233787537	0.01980195753276348	0.009287574328482151	0.004243901465088129
229	1662545283.948564	9fKU6f-FVJg9fKbPCu47mW	Ugwfc5rDgIupJS-x4xh4AaABAg	Gust3883	¬†@threehead99¬† *Todd Roges	0.0	1.0	0.0	0.0	0.10058767348527908	0.1377156376838684	0.7191680073738098	0.025018738582730293	0.010602438822388649	0.0069074369966983795
230	1662545283.950916	9fKU6f-FVJg9fKi4ysbqCu	Ugwfc5rDgIupJS-x4xh4AaABAg	Some random as hell person	¬†@threehead99¬† *Todd Togers	0.0	1.0	0.0	0.0	0.0934290885925293	0.11903221160173416	0.7477284073829651	0.025240369141101837	0.008367127738893032	0.0062028332613408566
231	1662545283.953408	9fKU6f-FVJg9fKmzvisg-X	Ugwfc5rDgIupJS-x4xh4AaABAg	Foolbound	¬†@Some random as hell person¬† *Rodd Rigers	0.434	0.566	0.0	-0.6808	0.04437169432640076	0.6828503012657166	0.2462899535894394	0.019215799868106842	0.0035261118318885565	0.0037460916209965944
232	1662545283.955667	9fKU6f-FVJg9fLH9LAUSNo	Ugwfc5rDgIupJS-x4xh4AaABAg	Mick Dundee	¬†@Foolbound¬† *Godd Dogers	0.0	1.0	0.0	0.0	0.054823245853185654	0.7293868660926819	0.17884603142738342	0.025324659422039986	0.0061437636613845825	0.0054754712618887424
233	1662545283.957952	9fKU6f-FVJg9fLSY9gbPAn	Ugwfc5rDgIupJS-x4xh4AaABAg	LitCactus	¬†@threehead99¬† what kosmic has over TAS is the human element	0.0	1.0	0.0	0.0	0.010666144080460072	0.2705545425415039	0.6957425475120544	0.017499985173344612	0.0035201360005885363	0.0020167783368378878
234	1662545283.96025	9fKU6f-FVJg9fLdHVmrXn-	Ugwfc5rDgIupJS-x4xh4AaABAg	Rai Kitsunagi	Big Flunnie Hodd Toward*	0.0	1.0	0.0	0.0	0.04147961735725403	0.16186243295669556	0.7644974589347839	0.02005140110850334	0.007127361372113228	0.00498175760731101
235	1662545283.96244	9fKU6f-FVJg9fLhLx9O49M	Ugwfc5rDgIupJS-x4xh4AaABAg	HyperShadic101	Big Flunnie bethesda flashbacks	0.0	1.0	0.0	0.0	0.45871683955192566	0.014574381522834301	0.0936460793018341	0.4238191246986389	0.0023343521170318127	0.006909290328621864
236	1662545283.965118	9fKU6f-FVJg9fLlIgVyXAD	Ugwfc5rDgIupJS-x4xh4AaABAg	Michael Dyst	Budd Fogers did that blindfolded...	0.0	1.0	0.0	0.0	0.9314878582954407	0.0075538139790296555	0.04748306795954704	0.00913530495017767	0.001505230087786913	0.0028347244951874018
237	1662545283.969637	9fKU6f-FVJg9fLp3ypFFFj	Ugwfc5rDgIupJS-x4xh4AaABAg	Dissociated Women Incorporated	¬†@Michael Dyst¬† *Buck Rogers	0.0	1.0	0.0	0.0	0.12011295557022095	0.5727786421775818	0.25031039118766785	0.035109397023916245	0.009462174959480762	0.01222645491361618
238	1662545284.315492	9fKU6f-FVJg9fLqnHAJU_2	Ugwfc5rDgIupJS-x4xh4AaABAg	Daniel Malek	*Togg Dodgers	0.0	1.0	0.0	0.0	0.26179638504981995	0.2281213402748108	0.41516610980033875	0.05831488221883774	0.014419157058000565	0.022182170301675797
239	1662545284.323622	9fKU6f-FVJg9fM2C-n7aUh	Ugwfc5rDgIupJS-x4xh4AaABAg	exxor9108	¬†@Michael Dyst¬† How do you know? Were you there?	0.0	1.0	0.0	0.0	0.373310387134552	0.2513883411884308	0.33372414112091064	0.02560083009302616	0.0042801243253052235	0.011696111410856247
240	1662545284.329737	9fKU6f-FVJg9fM8X6f1DdT	Ugwfc5rDgIupJS-x4xh4AaABAg	Izaak	Odd Ogers*	0.697	0.303	0.0	-0.3182	0.588762640953064	0.053480345755815506	0.22652654349803925	0.015984628349542618	0.005339906085282564	0.10990587621927261
241	1662545284.334087	9fKU6f-FVJg9fMLBJHqy9-	Ugwfc5rDgIupJS-x4xh4AaABAg	exxor9108	¬†@Izaak¬† Ogg Oders*	0.0	1.0	0.0	0.0	0.06835292279720306	0.18104371428489685	0.703925371170044	0.03425367921590805	0.00597543828189373	0.006448892876505852
242	1662545284.337753	9fKU6f-FVJg9fMMsBXrjDI	Ugwfc5rDgIupJS-x4xh4AaABAg	DisabledMallis	LOL	0.0	0.0	1.0	0.4215	0.24664777517318726	0.1363280713558197	0.5502299070358276	0.05202815309166908	0.006402393337339163	0.008363640867173672
243	1662545284.341058	9fKU6f-FVJg9fMlQsbjaf3	Ugwfc5rDgIupJS-x4xh4AaABAg	SameMan6	¬†@exxor9108¬† Dog Odors*	0.0	1.0	0.0	0.0	0.37520280480384827	0.21375234425067902	0.3367823362350464	0.059717386960983276	0.007188097108155489	0.007356980815529823
244	1662545284.343983	9fKU6f-FVJg9fMq2JEkl4P	Ugwfc5rDgIupJS-x4xh4AaABAg	Fadex	¬†@Foolbound¬† It's RIIIIIDGE RACER!	0.0	1.0	0.0	0.0	0.015258516184985638	0.8386455774307251	0.1286790519952774	0.00981757789850235	0.0030779691878706217	0.004521198570728302
245	1662545284.346677	9fKU6f-FVJg9fN-oFfe1b2	Ugwfc5rDgIupJS-x4xh4AaABAg	Daniel Malek	*Nogg Krodders	0.0	1.0	0.0	0.0	0.19335727393627167	0.21064943075180054	0.5343081951141357	0.041251640766859055	0.008778952062129974	0.011654498055577278
246	1662545284.349201	9fKU6f-FVJg9fOIpN-SrwR	Ugwfc5rDgIupJS-x4xh4AaABAg	gazzer2kuk	*Good Todgers	0.0	0.256	0.744	0.4404	0.008617637678980827	0.8526557683944702	0.10396702587604523	0.01664934679865837	0.013471372425556183	0.004638895392417908
247	1662545284.351531	9fKU6f-FVJg9fY7OUQ0nnT	Ugwfc5rDgIupJS-x4xh4AaABAg	Nathan Gamble	*Fudd Ruckers	0.0	1.0	0.0	0.0	0.01596130058169365	0.017943503335118294	0.9578638672828674	0.0050321235321462154	0.001341722090728581	0.0018574706045910716
248	1662545284.659699	9fKTjb0IYS09fLVaTSI1Ac	UgwR3AyBP0H0ItbKBDN4AaABAg	Snodeca	You haven't?	0.0	1.0	0.0	0.0	0.06447289884090424	0.02008601278066635	0.8519625067710876	0.060261666774749756	0.001299912459217012	0.0019169622100889683
249	1662545284.669535	9fKTjb0IYS09fY-oswpYNW	UgwR3AyBP0H0ItbKBDN4AaABAg	Falkite	so you havent seen niftski?	0.0	1.0	0.0	0.0	0.31975340843200684	0.21328425407409668	0.42330554127693176	0.0245505440980196	0.0034064112696796656	0.015699831768870354
250	1662545285.068052	UgwE62RNYtYVUA-3AEl4AaABAg	na	Julia B	Better than Badabun	0.0	0.408	0.592	0.4404	0.027880821377038956	0.5372128486633301	0.37419986724853516	0.04617813974618912	0.007971622049808502	0.006556708365678787
251	1662545285.072883	UgxD509lp8rEjDM9sgV4AaABAg	na	Ethan Bryson	But where's the coke and pizza	0.0	1.0	0.0	0.0	0.016889654099941254	0.04070238023996353	0.917132556438446	0.020532788708806038	0.00253114802762866	0.0022115099709481
252	1662545285.075372	UgzP82Nxg5RTfuNq_eZ4AaABAg	na	Lil Mundo	it was worth losing every single one of my channel points <3	0.159	0.549	0.293	0.296	0.0004506177792791277	0.0018266163533553481	0.006927845533937216	0.9902083873748779	0.0003978482272941619	0.00018878291302826256
253	1662545285.077737	UgyRGnaR3qSbATCn0Ad4AaABAg	na	Diego Pinon	"Kosmic, you could have done it faster if you started Mario in 2nd gear, had a coffee stain on the timer. You also didn‚Äôt take advantage of the human element of how the game would respond.

You also forgot to eat pizza and drink cokes in between levels, don‚Äôt forget your heart beat jumping up and down insanely.

There‚Äôs tons of room for improvement."	0.027	0.844	0.129	0.8074	0.0012342765694484115	0.006391183473169804	0.0038896112237125635	0.9875701069831848	0.0003281872486695647	0.0005866739084012806
254	1662545285.08019	UgyogInV3JJHL-sWaJl4AaABAg	na	EP1CxEMAN08	Alternative Title: Green Mario saves the Princess with Twitch Chat.	0.0	1.0	0.0	0.0	0.03030078299343586	0.877083957195282	0.07136846333742142	0.015492210164666176	0.0032044064719229937	0.002550133503973484
255	1662545285.083183	Ugwc35HJIH8rYySwpVl4AaABAg	na	Lisek Tod	Great! xDDD	0.0	0.185	0.815	0.6588	0.000706185819581151	0.994633674621582	0.001601284951902926	0.0012542238691821694	0.0005069327889941633	0.0012977069709450006
256	1662545285.087627	UgyvAoDpbm88WnV8ip14AaABAg	na	RetroCheats	New category Super Mario bros any% with chat help	0.0	0.515	0.485	0.765	0.009252289310097694	0.9597976207733154	0.021583935245871544	0.005516659468412399	0.0015343884006142616	0.0023150851484388113
257	1662545285.091882	Ugx6wQcFYd7mtwD4JfR4AaABAg	na	gietie	that watersection was so perfect and just satisfying to watch	0.0	0.508	0.492	0.829	0.0001472222211305052	0.998684823513031	0.00023278828302863985	0.0002960562997031957	0.00035694317193701863	0.0002821518573909998
258	1662545285.094336	UgxGcugkcGIQNymRWQx4AaABAg	na	It'sGood	Looking forward to summoning salt's breakdown!	0.0	1.0	0.0	0.0	0.0005526287714019418	0.9947110414505005	0.0017056915676221251	0.002004028297960758	0.0007296463591046631	0.0002971545036416501
259	1662545285.096697	Ugy8FkRP7cvYsZHlyat4AaABAg	na	repuSoiraM	WR!!!!	0.0	1.0	0.0	0.0	0.10377508401870728	0.11679134517908096	0.7403099536895752	0.027218690142035484	0.004763713106513023	0.007141216658055782
260	1662545285.098977	UgwSwQMjyKEyBEZzhpN4AaABAg	na	raspberry1440kb	john cage	0.0	1.0	0.0	0.0	0.17286790907382965	0.49281394481658936	0.2738063335418701	0.03862718120217323	0.011287272907793522	0.010597407817840576
261	1662545285.101699	Ugx_XdCfEEmdG7KmUaJ4AaABAg	na	cunkycakes6969	"By technicality this is WR according to the leaderboards because the category rules states: 

Goal

Beat the game as fast as possible by any means necessary.

Times below 5:00.00 are treated with suspicion. It is highly recommended that you stream all of your attempts and provide split files to have your run accepted.

Times below 5:00.00 require an input file if you are playing on an emulator that can record input files.

Using savestates to the title screen is prohibited. You must use the reset function on your emulator or console and the reset must be shown in the video. 

It doesn‚Äôt say anything about you can‚Äôt mod the game, so yes this is legal. And I think the name should be Kosmic and chat. 

Please don‚Äôt take this literally this is a joke. üòÇ"	0.029	0.844	0.126	0.915	0.02610999159514904	0.5124738216400146	0.40428823232650757	0.036942292004823685	0.018985239788889885	0.0012004079762846231
262	1662545285.10824	Ugxz5HpeDO-xyjCn4o94AaABAg	na	MrNoobNub	"""They had us in the first half not gonna lie"""	0.0	1.0	0.0	0.0	0.011033434420824051	0.05023358762264252	0.8709415197372437	0.06132500618696213	0.005017634015530348	0.0014488700544461608
263	1662545285.111047	UgxOz6hL3wA6Lu66jwx4AaABAg	na	Asomebody	Niceness v784	0.0	0.278	0.722	0.3818	0.0003328121092636138	0.9913554787635803	0.0012028695782646537	0.00085249706171453	0.005821264814585447	0.0004350924864411354
264	1662545285.113725	Ugyqgz9maLqBpdPMk6p4AaABAg	na	KevinTheCat	gg on this huge dub üëçüëç	0.0	0.609	0.391	0.5423	0.03251609578728676	0.8649359345436096	0.0725243017077446	0.018498223274946213	0.0034549375995993614	0.008070550858974457
265	1662545285.116297	Ugw7-vtFjsy_0EXgFiV4AaABAg	na	TBZ HUB	"Loll the way they're ""helping"" seems counter-intuitive"	0.0	0.732	0.268	0.296	0.003796040080487728	0.9897252321243286	0.002054787939414382	0.0011271127732470632	0.0006136854062788188	0.0026832132134586573
266	1662545285.118753	Ugxob35-l0nwrcePTuB4AaABAg	na	Pierce Arner	Highest of fives to everyone involved!	0.0	1.0	0.0	0.0	0.020720385015010834	0.19375920295715332	0.7656676173210144	0.013143758289515972	0.0033412333577871323	0.0033678628969937563
267	1662545285.121124	UgyzAmrIdYmGKAM-USp4AaABAg	na	Dylan Klosinski	Still more legitimate than Badabun	0.0	1.0	0.0	0.0	0.00568789429962635	0.9446617960929871	0.038912300020456314	0.007004353683441877	0.0019906514789909124	0.0017429563449695706
268	1662545285.123498	UgxcUxeP4-B8vuSDmmt4AaABAg	na	Dr.Phlosion	"The ""We"" in the Title caught my Attention immediately. üåπ"	0.0	1.0	0.0	0.0	0.26645341515541077	0.22939449548721313	0.4279991090297699	0.009299653582274914	0.004400942008942366	0.06245242431759834
269	1662545285.125918	UgyFld0E7LYLIVb_sSh4AaABAg	na	GTAce99	"I need to figure out how to beat the Super Mario Bros. Any% WR, and I think I found a way.

That's right, we're gonna cheat."	0.097	0.777	0.126	0.2263	0.0017610540380701423	0.9556778073310852	0.024397488683462143	0.015372042544186115	0.001761108636856079	0.0010305464966222644
270	1662545285.480857	9fKSkhmV5BE9fKu8Aqr_rv	UgyRGnaR3qSbATCn0Ad4AaABAg	COArSe_D1RTxxx	based	0.0	1.0	0.0	0.0	0.2887047231197357	0.3310408294200897	0.32049688696861267	0.04014619439840317	0.00874349195510149	0.010867899283766747
271	1662545285.489103	9fKSkhmV5BE9fKyruAWaO8	UgyRGnaR3qSbATCn0Ad4AaABAg	DireYoshi	I get this reference.	0.0	1.0	0.0	0.0	0.024040821939706802	0.5052178502082825	0.44033437967300415	0.023357892408967018	0.004110932350158691	0.0029381848871707916
272	1662545285.496901	9fKSkhmV5BE9fL1bMULCyI	UgyRGnaR3qSbATCn0Ad4AaABAg	Shantil Khadatkar	OMG I love this üòÇüòÇ	0.154	0.366	0.48	0.875	0.020546285435557365	0.741404116153717	0.1932552307844162	0.033373113721609116	0.008720454759895802	0.0027007649186998606
273	1662545285.502459	9fKSkhmV5BE9fVU4WhynKK	UgyRGnaR3qSbATCn0Ad4AaABAg	Hamlowe	Okay, I get most of these jokes, but don't know the coffee stain one. What was that about?	0.0	0.838	0.162	0.269	0.020733851939439774	0.025578459724783897	0.9440807700157166	0.007493173703551292	0.0009896509582176805	0.0011240591993555427
274	1662545285.506919	9fKSkhmV5BE9fVd1vu8-Ey	UgyRGnaR3qSbATCn0Ad4AaABAg	DireYoshi	¬†@Hamlowe¬† it's another Todd Togers, in which the submitted score seemed only possible if it was read with a coffee stain on submission.	0.0	1.0	0.0	0.0	0.14673982560634613	0.2606990933418274	0.5603627562522888	0.02041257545351982	0.0074748811312019825	0.004310895223170519
275	1662545285.51091	9fKSkhmV5BE9fWLF0V5nrn	UgyRGnaR3qSbATCn0Ad4AaABAg	Hamlowe	¬†@DireYoshi¬† Never change, Todd.	0.0	1.0	0.0	0.0	0.08815762400627136	0.4263922870159149	0.3701125383377075	0.10424918681383133	0.008458878844976425	0.0026295571587979794
276	1662545285.898219	9fKS8N3GOhe9fKVfxvlSdI	Ugx_XdCfEEmdG7KmUaJ4AaABAg	Ivan Leven	Yeah, but there is rules for a game by itself, not only for a category :D	0.0	0.662	0.338	0.7992	0.022622963413596153	0.676725447177887	0.26818472146987915	0.02379385381937027	0.004602866712957621	0.004070077557116747
277	1662545285.906702	9fKS8N3GOhe9fKW6zZQ09R	Ugx_XdCfEEmdG7KmUaJ4AaABAg	Ben Busche	run denied because emulator with no input file	0.459	0.541	0.0	-0.6249	0.31565946340560913	0.006129216402769089	0.6532928943634033	0.02225482650101185	0.0013522303197532892	0.001311396830715239
278	1662545285.914541	9fKS8N3GOhe9fKZgBL6SOn	Ugx_XdCfEEmdG7KmUaJ4AaABAg	SirLampsALot	"He savestates to the title screen too
Plus his emulator can‚Äôt record input files"	0.0	1.0	0.0	0.0	0.05371967330574989	0.7815165519714355	0.12361215054988861	0.03457833081483841	0.00246607419103384	0.004107229877263308
279	1662545285.92005	9fKS8N3GOhe9fKbfq8JVWS	Ugx_XdCfEEmdG7KmUaJ4AaABAg	James Poling	SmallAnt rules, I see	0.0	1.0	0.0	0.0	0.02081058919429779	0.6198568940162659	0.3157924711704254	0.03615332022309303	0.004050981719046831	0.003335751825943589
280	1662545285.924516	9fKS8N3GOhe9fKttqie6Qd	Ugx_XdCfEEmdG7KmUaJ4AaABAg	divVerent	"It is a valid WR, yes, but for the game ""Super Mario Bros. with Crowd Control"". Could be quite legitimate to create a leaderboard for that. But sadly won't be ""compatible"" with the regular SMB one :)"	0.074	0.641	0.285	0.8897	0.0007557430653832853	0.9948534369468689	0.0019868086092174053	0.0013191761681810021	0.0006226583500392735	0.0004622812557499856
281	1662545285.928087	9fKS8N3GOhe9fL1rsNtUup	Ugx_XdCfEEmdG7KmUaJ4AaABAg	LordAndrew	Crowd Control uses Bizhawk, an emulator developed for tool-assisted speedrunning. It can absolutely record input files.	0.0	1.0	0.0	0.0	0.13089188933372498	0.7508590221405029	0.0984150692820549	0.012516679242253304	0.0026980701368302107	0.004619249142706394
282	1662545285.931237	9fKS8N3GOhe9fMHuvL3yKq	Ugx_XdCfEEmdG7KmUaJ4AaABAg	pjalne	Nothing in the rules says runners CAN'T be dogs.	0.0	1.0	0.0	0.0	0.010920029133558273	0.008341239765286446	0.964387059211731	0.015128093771636486	0.0006693389732390642	0.0005541968275792897
283	1662545285.934225	9fKS8N3GOhe9fMITa-kHoL	Ugx_XdCfEEmdG7KmUaJ4AaABAg	James Poling	¬†@pjalne¬† The AirBud clause at its finest.	0.0	1.0	0.0	0.0	0.0003140705812256783	0.9960466027259827	0.0004817788430955261	0.0006246840348467231	0.001359208719804883	0.0011737544555217028
284	1662545285.93681	9fKS8N3GOhe9fP8DTwB0mj	Ugx_XdCfEEmdG7KmUaJ4AaABAg	SirLampsALot	"¬†@LordAndrew¬† didn‚Äôt know that
Thanks for the info"	0.0	0.707	0.293	0.4404	0.0007276690448634326	0.9924667477607727	0.002896639285609126	0.001292387256398797	0.0021253747399896383	0.0004912823205813766
285	1662545286.157402	9fKS5_htSSn9fKoJdniwZE	Ugxz5HpeDO-xyjCn4o94AaABAg	jestfullgremblim800	Lmao	0.0	0.0	1.0	0.5994	0.1482195407152176	0.2761610150337219	0.5209841728210449	0.0404854416847229	0.006484147161245346	0.007665675599128008
286	1662545286.45233	9fKRiDlf34h9fKS_xgxhDt	UgyFld0E7LYLIVb_sSh4AaABAg	trankzen	Technically it was the chat that cheated.	0.355	0.645	0.0	-0.5106	0.0014669121010228992	0.000605025386903435	0.9950750470161438	0.002418749500066042	0.00022632005857303739	0.00020790471171494573
287	1662545286.459234	9fKRiDlf34h9fKT4jerNff	UgyFld0E7LYLIVb_sSh4AaABAg	Rainbow Dash	Badabun would be proud	0.0	0.492	0.508	0.4767	0.00018881927826441824	0.9979538917541504	0.00045360150397755206	0.000546564522664994	0.0005705504445359111	0.00028662168188020587
288	1662545286.464132	9fKRiDlf34h9fKV33x1j7I	UgyFld0E7LYLIVb_sSh4AaABAg	trankzen	¬†@Rainbow Dash¬† Nah, not enough Coke or Pizza	0.167	0.833	0.0	-0.1027	0.00790384691208601	0.8308054208755493	0.1414308249950409	0.012612562626600266	0.005234781187027693	0.0020125422161072493
289	1662545286.468217	9fKRiDlf34h9fKXcDeG7N1	UgyFld0E7LYLIVb_sSh4AaABAg	filpaul	https://youtu.be/CMfNqmQbulI	0.0	1.0	0.0	0.0	0.18322142958641052	0.5853469967842102	0.18902599811553955	0.029125843197107315	0.008460610173642635	0.004819099325686693
290	1662545286.471839	9fKRiDlf34h9fKrVNoZ-1c	UgyFld0E7LYLIVb_sSh4AaABAg	Matt Rodriguez	¬†@Rainbow Dash¬† Todd Togers would be more proud	0.0	0.674	0.326	0.5256	0.00017020921222865582	0.9980258941650391	0.00038463802775368094	0.0005618385621346533	0.0006112651899456978	0.00024618167662993073
291	1662545286.474783	9fKRiDlf34h9fLF8ZlKKJG	UgyFld0E7LYLIVb_sSh4AaABAg	ThePurplePeppy	People keep doing crazy stuff for speedruns, like just use a gameshark code to instantly Teleport to the end of the game. New record EZ Clap	0.077	0.739	0.184	0.516	0.8594323396682739	0.020157819613814354	0.06804625689983368	0.00659678690135479	0.0007401498733088374	0.04502670466899872
292	1662545286.477578	9fKRiDlf34h9fLvjIlPr6F	UgyFld0E7LYLIVb_sSh4AaABAg	William Wright	It's not cheating; it's creating a new speedrunning category!	0.156	0.578	0.266	0.3244	0.0017279938329011202	0.005546330474317074	0.9838647842407227	0.008016576059162617	0.0004838386957999319	0.00036057751276530325
293	1662545286.480265	9fKRiDlf34h9fMcXHLCOmU	UgyFld0E7LYLIVb_sSh4AaABAg	ComputerNerd	¬†@trankzen¬† read that as ‚ÄúTechnically it was the cheat that chatted‚Äù	0.231	0.769	0.0	-0.4588	0.005011836066842079	0.007195295300334692	0.9846464991569519	0.001603853888809681	0.0009183411602862179	0.0006242801900953054
294	1662545286.482947	9fKRiDlf34h9fTc5t5Y7_H	UgyFld0E7LYLIVb_sSh4AaABAg	M. L.	¬†@trankzen¬† yeah, he just got magical stars out of thin air. His cartridge must have glitched badly ‚Äì over and over again üòÖ	0.101	0.747	0.153	0.1531	0.0713675320148468	0.5181252360343933	0.29598379135131836	0.10390207916498184	0.0022888274397701025	0.008332515135407448
295	1662545286.817146	UgyJv0YJrKhAFZcp2W54AaABAg	na	LeWolfYT	Lol nice	0.0	0.0	1.0	0.6808	0.01625463180243969	0.2884965240955353	0.6244925260543823	0.02785336598753929	0.03811071440577507	0.004792170599102974
296	1662545286.82507	UgzybRu_i7Ssf3Q4EXB4AaABAg	na	AdamTheDev	And i thought there was no more perfection to be made	0.379	0.621	0.0	-0.6695	0.0013742167502641678	0.9784117937088013	0.013996047899127007	0.0037435435224324465	0.0016063175862655044	0.0008681388571858406
297	1662545286.831603	UgyoZiup8_jZTFlOSsV4AaABAg	na	Puss In Boots	OH MY GOD. WHAT.	0.0	0.588	0.412	0.2732	0.701975405216217	0.04576251283288002	0.12531909346580505	0.057827290147542953	0.006684320513159037	0.06243133544921875
298	1662545286.836334	UgxPeUXhASmChNZRirJ4AaABAg	na	Hamster07	imagine if this got on smbce leaderboards	0.0	1.0	0.0	0.0	0.021318620070815086	0.8595981597900391	0.09782783687114716	0.01588093861937523	0.002231561578810215	0.0031429072842001915
299	1662545286.840154	Ugxn8iH_uHAYz6q_06V4AaABAg	na	James-Money	You had me there for a second! I'm glad to see more of this crowd control mod. It's a super unique take on the game	0.0	0.762	0.238	0.8016	0.0001816357544157654	0.9985734224319458	0.00022008319501765072	0.00028045609360560775	0.0002551040961407125	0.0004892617580480874
300	1662545286.843557	Ugw56DyXy7f-KIN7NY94AaABAg	na	wedu09	Nice	0.0	0.0	1.0	0.4215	0.01775248348712921	0.37313780188560486	0.5297791957855225	0.023416047915816307	0.047696974128484726	0.008217479102313519
301	1662545286.846474	UgxDKfFborISHS5cx3B4AaABAg	na	Saro	??	0.0	1.0	0.0	0.0	0.32521286606788635	0.04978577420115471	0.5878572463989258	0.026033751666545868	0.004340898245573044	0.006769435480237007
302	1662545286.850537	Ugz9jqCMl-RKjw2dSqd4AaABAg	na	Gribble grape	2nd	0.0	1.0	0.0	0.0	0.1513189971446991	0.3705657422542572	0.39201590418815613	0.05398574471473694	0.01624174416065216	0.015871943905949593
303	1662545286.85499	Ugyn8mUkFW_kGocaO3N4AaABAg	na	Lodomir	PoG new vid!	0.0	1.0	0.0	0.0	0.010703074745833874	0.8787124156951904	0.09692437201738358	0.007972406223416328	0.0022578900679945946	0.0034298200625926256
304	1662545286.859589	UgxRqHRnwAelIPmIW454AaABAg	na	Kosmic	"Be sure to follow the Twitch stream so you can participate next time!
http://www.twitch.tv/kosmic"	0.0	0.834	0.166	0.3802	0.0006110440008342266	0.9969204664230347	0.0010109911672770977	0.000612446223385632	0.0005889174644835293	0.0002562185109127313
305	1662545287.082569	9fKReifQQZx9fKRtmK5Wgl	UgzybRu_i7Ssf3Q4EXB4AaABAg	AdamTheDev	Wait a sec, this could mean people could improve original smb runs with stars?	0.0	0.698	0.302	0.6369	0.001882128301076591	0.9862533211708069	0.006273680366575718	0.003198256017640233	0.0006904070032760501	0.0017021396197378635
306	1662545287.095261	9fKReifQQZx9fKSECPGzPL	UgzybRu_i7Ssf3Q4EXB4AaABAg	JKT2017	¬†@AdamTheDev¬† no	0.688	0.312	0.0	-0.296	0.16495350003242493	0.2327784299850464	0.5490074753761292	0.03602715581655502	0.009124409407377243	0.008108992129564285
307	1662545287.302503	9fKRTpwlPF09fKTZRrTM7u	UgxPeUXhASmChNZRirJ4AaABAg	mina86	They could queue it for 1st of April.	0.0	1.0	0.0	0.0	0.185373917222023	0.7001752257347107	0.08615858852863312	0.019907096400856972	0.0026943590492010117	0.005690929014235735
308	1662545287.508225	9fKRB1bGumM9fKRKgv7134	UgxRqHRnwAelIPmIW454AaABAg	‚öíÔ∏è SpareEnderboy ‚öíÔ∏è	what a time to be alive	0.0	0.658	0.342	0.3818	0.0034151985310018063	0.9803613424301147	0.00656567607074976	0.0054265474900603294	0.0017925718566402793	0.0024387117009609938
309	1662545287.51644	9fKRB1bGumM9fKUPjdobqc	UgxRqHRnwAelIPmIW454AaABAg	Nada ‚Ä¢ 10.9B de vistas . hace 2 segundos	how i make speedrun on android?	0.0	1.0	0.0	0.0	0.27577072381973267	0.20936092734336853	0.4900687634944916	0.012657009065151215	0.0034268409945070744	0.008715840987861156
310	1662545287.523894	9fKRB1bGumM9fL7Hua4NNL	UgxRqHRnwAelIPmIW454AaABAg	OG EZ PB	wait a minute... the SMB1 star doesn't give Mario extra speed!	0.0	1.0	0.0	0.0	0.08716005086898804	0.6385249495506287	0.2447483241558075	0.02121032401919365	0.0023427195847034454	0.006013688165694475
311	1662545287.52892	9fKRB1bGumM9fLEs-Le90R	UgxRqHRnwAelIPmIW454AaABAg	Kosmic	¬†@OG EZ PB¬† yeah that started in nsmb ds i think	0.0	0.624	0.376	0.6633	0.017065878957509995	0.7247446775436401	0.227118119597435	0.024716263636946678	0.0035887998528778553	0.0027662075590342283
312	1662545287.532831	9fKRB1bGumM9fLJtSRT1ZA	UgxRqHRnwAelIPmIW454AaABAg	Kosmic	¬†@LanDi3000¬† Twitch chat is a lot better... Among other things. I'll probably try out a YouTube stream here or there though now that they changed exclusivity agreements	0.0	0.833	0.167	0.6124	0.008689436130225658	0.906304657459259	0.06093404069542885	0.020807772874832153	0.0022404559422284365	0.0010236852103844285
313	1665137274.936911	Ugz6eGnTnC4Xs3UdxQp4AaABAg	na	Explosify	blond luigi stars in the end of this one	0.0	1.0	0.0	0.0	0.025498438626527786	0.7664517760276794	0.173614501953125	0.017849545925855637	0.010616810992360115	0.005968867801129818
314	1665137274.939688	Ugx21N5OqknyrtKlqVp4AaABAg	na	Awe Emperor of Chicken Killing	you didn't do small fire tho	0.0	0.711	0.289	0.2584	0.03653882443904877	0.04156392812728882	0.8854965567588806	0.03261604905128479	0.0018988532247021794	0.0018858397379517555
315	1665137274.942462	Ugy7J1_8iVVDVWDy-_N4AaABAg	na	FUGP 1972	That's a lot of frame rules saved. So many buses that didn't pass Darbian's bus stop.	0.0	0.843	0.157	0.4215	0.028008803725242615	0.6190770268440247	0.08484859019517899	0.26033028960227966	0.0032630187924951315	0.004472263157367706
316	1665137274.948162	Ugw7CQfYrcbVPKtwONd4AaABAg	na	Mirek Wdowiak	Hello Kosmic. You should submit it to speedruncom. And see, what will happen :D ;)	0.0	0.687	0.313	0.7125	0.05667342245578766	0.7941246032714844	0.12151017040014267	0.02096603624522686	0.00475772749632597	0.00196816585958004
317	1665137274.952368	UgyKkYmCTCHjxJb2Dip4AaABAg	na	Tyler Roberts	"Beat that, Niftski! 
(Doesn't help that SMB1 Mario is now arguably as fast as SMB3 Mario now)"	0.233	0.767	0.0	-0.5499	0.002620750805363059	0.9731640815734863	0.01820923388004303	0.0027526968624442816	0.0012574619613587856	0.0019958859775215387
318	1665137274.957065	UgyYj3uruk7av8cpPMl4AaABAg	na	eMKayyoUwhY	"I don't know why people diss Todd Rogers all the time!! He's a legit world record holder who got trashed by many people just because he's just a better player. People are jealous/envious. Nothing but respect for Todd, he's one of the godlike gamers on our planet, just like Billy Mitchell! They are Gods for me!





*And then my alarm clock went off.....*

ü§¢ü§¢ü§¢ü§¢ü§¢ü§¢ü§¢
ü§Æü§Æü§Æü§Æü§Æü§Æü§Æ

OMFG....."	0.075	0.873	0.052	-0.5266	0.00048169580986723304	0.000516817148309201	0.9975559711456299	0.0008665039204061031	0.00037683339905925095	0.0002021032414631918
319	1665137274.959663	UgwTM7W1A_KZ5lE5UNB4AaABAg	na	Tim E	Nobody thought that the secret to speedrunning would be the power of friendship!	0.0	0.79	0.21	0.4926	0.010582669638097286	0.5594506859779358	0.41458162665367126	0.00582429114729166	0.006880559492856264	0.0026801780331879854
320	1665137279.163323	9fKuNO8GOx29fvOLJS01dW	UgzYctHxPot-6xcpKMN4AaABAg	Geek Nat	¬†@Hiro Hamada¬† What video tho	0.0	1.0	0.0	0.0	0.07224546372890472	0.1519090086221695	0.7402188777923584	0.02588917873799801	0.004558151122182608	0.0051794215105473995
321	1665137279.166719	9fKuNO8GOx29fw4aQA0Tpi	UgzYctHxPot-6xcpKMN4AaABAg	Hiro Hamada	@Geek Nat¬† you know what video kid. It‚Äôs this video that you watched here.	0.122	0.878	0.0	-0.2023	0.10024210810661316	0.3795976936817169	0.45260146260261536	0.035726264119148254	0.005070572718977928	0.026761824265122414
322	1665137279.169587	9fKuNO8GOx29fwCQwI8E2U	UgzYctHxPot-6xcpKMN4AaABAg	Geek Nat	¬†@Hiro Hamada¬† It's a video that lets chat buff him. It's not an actual attempt,OP was joking.	0.0	0.894	0.106	0.2263	0.004537851549685001	0.03713209182024002	0.9535892009735107	0.0019649076275527477	0.0012662705266848207	0.0015095757553353906
323	1665137284.355111	9fKU6f-FVJg9fyeoUmI-Kg	Ugwfc5rDgIupJS-x4xh4AaABAg	Certez	*Gold Roger	0.0	1.0	0.0	0.0	0.015261385589838028	0.926593542098999	0.01906745694577694	0.012938674539327621	0.005191688891500235	0.020947249606251717
324	1665137284.357979	9fKU6f-FVJg9g2egdtQ_cQ	Ugwfc5rDgIupJS-x4xh4AaABAg	Meowie Gamer	¬†@Certez¬† toad*	0.0	1.0	0.0	0.0	0.1270897090435028	0.38858869671821594	0.4112873077392578	0.04914497956633568	0.012095564976334572	0.011793657205998898
325	1665137284.360181	9fKU6f-FVJg9gAG3IqZ607	Ugwfc5rDgIupJS-x4xh4AaABAg	Nako	He is truly one of the gamers of all time!	0.0	0.738	0.262	0.4926	0.001607546117156744	0.966140627861023	0.024324236437678337	0.002416902454569936	0.0021245244424790144	0.0033861722331494093
326	1667819274.922568	UgwTuFkO-Nxmb47mHaJ4AaABAg	na	Nelson B. Win	1:32 seconds before disaster.	0.577	0.423	0.0	-0.6249	0.9628428816795349	0.0076154060661792755	0.013064300641417503	0.01112283207476139	0.0006832903018221259	0.0046712723560631275
327	1667819274.925172	UgzhDSB5zd7QKRo_EQl4AaABAg	na	Guille	totally legit world record for me	0.0	1.0	0.0	0.0	0.008490241132676601	0.9563873410224915	0.02713589183986187	0.003989188466221094	0.0018007347825914621	0.0021966195199638605
328	1667819274.930437	UgxTFMQwfD_DdWKCo6J4AaABAg	na	Robert McGarry	üßÄ delicious cheese üßÄ	0.0	0.575	0.425	0.5719	0.0004453239671420306	0.996567964553833	0.0006427720654755831	0.0007882065256126225	0.0010785282356664538	0.0004769715596921742
329	1667819284.677987	9fKTjb0IYS09hmRK32o2P7	UgwR3AyBP0H0ItbKBDN4AaABAg	ImPrincessWolfy	Look up VAJ	0.0	1.0	0.0	0.0	0.25294142961502075	0.2474670112133026	0.42210209369659424	0.06027562543749809	0.009663897566497326	0.0075498404912650585
330	1670411274.905512	Ugwqe3vTioYXvaqRYLd4AaABAg	na	kewltony	Ok, so imagine a bus on crack	0.0	1.0	0.0	0.0	0.004825378302484751	0.9816443920135498	0.008725502528250217	0.003243070561438799	0.0007158176158554852	0.0008458417723886669
331	1670411274.912853	UgzcDSg8k5U72ykEkbJ4AaABAg	na	Luk Ahmad	So hilarious lol	0.0	0.141	0.859	0.7245	0.0034292603377252817	0.9424716830253601	0.03320019692182541	0.004915421828627586	0.0018077429849654436	0.014175686053931713
332	1670411274.916986	UgxIuIGOZfYsQRpcAtR4AaABAg	na	Quinn 78	Run begins at 2:42	0.0	1.0	0.0	0.0	0.6614846587181091	0.20756202936172485	0.09160801023244858	0.026845412328839302	0.00403409730643034	0.008465771563351154
